Date,Price
7/30/25,"3,763.22"
7/29/25,"3,793.94"
7/28/25,"3,796.91"
7/27/25,"3,871.74"
7/26/25,"3,740.86"
7/25/25,"3,725.01"
7/24/25,"3,704.21"
7/23/25,"3,626.81"
7/22/25,"3,745.84"
7/21/25,"3,761.37"
7/20/25,"3,757.32"
7/19/25,"3,591.98"
7/18/25,"3,545.58"
7/17/25,"3,472.90"
7/16/25,"3,373.85"
7/15/25,"3,138.89"
7/14/25,"3,013.63"
7/13/25,"2,971.67"
7/12/25,"2,942.36"
7/11/25,"2,957.71"
7/10/25,"2,951.20"
7/9/25,"2,768.27"
7/8/25,"2,614.41"
7/7/25,"2,542.35"
7/6/25,"2,570.57"
7/5/25,"2,516.30"
7/4/25,"2,508.02"
7/3/25,"2,590.98"
7/2/25,"2,570.23"
7/1/25,"2,405.26"
6/30/25,"2,486.52"
6/29/25,"2,500.42"
6/28/25,"2,435.58"
6/27/25,"2,422.65"
6/26/25,"2,415.71"
6/25/25,"2,418.43"
6/24/25,"2,448.66"
6/23/25,"2,410.48"
6/22/25,"2,228.13"
6/21/25,"2,295.26"
6/20/25,"2,406.51"
6/19/25,"2,521.11"
6/18/25,"2,525.35"
6/17/25,"2,509.59"
6/16/25,"2,538.95"
6/15/25,"2,547.58"
6/14/25,"2,531.39"
6/13/25,"2,578.83"
6/12/25,"2,643.70"
6/11/25,"2,772.11"
6/10/25,"2,815.73"
6/9/25,"2,680.07"
6/8/25,"2,509.84"
6/7/25,"2,524.66"
6/6/25,"2,475.34"
6/5/25,"2,414.36"
6/4/25,"2,607.13"
6/3/25,"2,593.03"
6/2/25,"2,606.81"
6/1/25,"2,537.51"
5/31/25,"2,528.09"
5/30/25,"2,531.29"
5/29/25,"2,632.50"
5/28/25,"2,681.20"
5/27/25,"2,660.88"
5/26/25,"2,563.84"
5/25/25,"2,551.20"
5/24/25,"2,529.32"
5/23/25,"2,526.46"
5/22/25,"2,663.77"
5/21/25,"2,551.42"
5/20/25,"2,523.82"
5/19/25,"2,528.21"
5/18/25,"2,498.97"
5/17/25,"2,475.04"
5/16/25,"2,537.04"
5/15/25,"2,548.16"
5/14/25,"2,609.68"
5/13/25,"2,680.05"
5/12/25,"2,495.73"
5/11/25,"2,515.22"
5/10/25,"2,583.78"
5/9/25,"2,345.27"
5/8/25,"2,206.13"
5/7/25,"1,811.20"
5/6/25,"1,816.60"
5/5/25,"1,820.34"
5/4/25,"1,809.05"
5/3/25,"1,833.93"
5/2/25,"1,842.06"
5/1/25,"1,838.32"
4/30/25,"1,793.58"
4/29/25,"1,798.47"
4/28/25,"1,799.24"
4/27/25,"1,791.42"
4/26/25,"1,820.65"
4/25/25,"1,785.96"
4/24/25,"1,769.53"
4/23/25,"1,795.07"
4/22/25,"1,756.11"
4/21/25,"1,579.59"
4/20/25,"1,587.28"
4/19/25,"1,612.58"
4/18/25,"1,588.93"
4/17/25,"1,582.73"
4/16/25,"1,577.14"
4/15/25,"1,588.80"
4/14/25,"1,623.73"
4/13/25,"1,597.77"
4/12/25,"1,644.12"
4/11/25,"1,566.77"
4/10/25,"1,522.13"
4/9/25,"1,669.74"
4/8/25,"1,473.40"
4/7/25,"1,553.01"
4/6/25,"1,580.65"
4/5/25,"1,806.47"
4/4/25,"1,816.36"
4/3/25,"1,816.53"
4/2/25,"1,795.59"
4/1/25,"1,904.99"
3/31/25,"1,821.95"
3/30/25,"1,807.02"
3/29/25,"1,827.84"
3/28/25,"1,896.69"
3/27/25,"2,003.67"
3/26/25,"2,009.59"
3/25/25,"2,066.19"
3/24/25,"2,078.73"
3/23/25,"2,006.02"
3/22/25,"1,980.80"
3/21/25,"1,965.58"
3/20/25,"1,983.57"
3/19/25,"2,056.62"
3/18/25,"1,932.61"
3/17/25,"1,926.35"
3/16/25,"1,887.65"
3/15/25,"1,937.17"
3/14/25,"1,911.62"
3/13/25,"1,864.69"
3/12/25,"1,908.22"
3/11/25,"1,922.28"
3/10/25,"1,864.40"
3/9/25,"2,019.89"
3/8/25,"2,203.59"
3/7/25,"2,141.17"
3/6/25,"2,202.39"
3/5/25,"2,241.65"
3/4/25,"2,170.29"
3/3/25,"2,149.11"
3/2/25,"2,518.17"
3/1/25,"2,217.53"
2/28/25,"2,236.41"
2/27/25,"2,307.73"
2/26/25,"2,337.98"
2/25/25,"2,496.06"
2/24/25,"2,510.94"
2/23/25,"2,819.69"
2/22/25,"2,763.23"
2/21/25,"2,662.35"
2/20/25,"2,738.03"
2/19/25,"2,716.16"
2/18/25,"2,671.36"
2/17/25,"2,743.47"
2/16/25,"2,662.80"
2/15/25,"2,693.40"
2/14/25,"2,725.51"
2/13/25,"2,675.30"
2/12/25,"2,735.91"
2/11/25,"2,603.11"
2/10/25,"2,661.00"
2/9/25,"2,628.27"
2/8/25,"2,631.56"
2/7/25,"2,622.81"
2/6/25,"2,688.28"
2/5/25,"2,785.62"
2/4/25,"2,731.76"
2/3/25,"2,881.90"
2/2/25,"2,869.75"
2/1/25,"3,119.13"
1/31/25,"3,298.69"
1/30/25,"3,247.22"
1/29/25,"3,113.26"
1/28/25,"3,077.83"
1/27/25,"3,179.47"
1/26/25,"3,234.18"
1/25/25,"3,318.14"
1/24/25,"3,311.05"
1/23/25,"3,338.37"
1/22/25,"3,242.60"
1/21/25,"3,328.30"
1/20/25,"3,282.68"
1/19/25,"3,216.74"
1/18/25,"3,308.74"
1/17/25,"3,472.84"
1/16/25,"3,307.00"
1/15/25,"3,450.79"
1/14/25,"3,224.06"
1/13/25,"3,137.73"
1/12/25,"3,267.30"
1/11/25,"3,283.57"
1/10/25,"3,267.08"
1/9/25,"3,218.15"
1/8/25,"3,327.14"
1/7/25,"3,380.56"
1/6/25,"3,687.75"
1/5/25,"3,635.11"
1/4/25,"3,656.13"
1/3/25,"3,608.79"
1/2/25,"3,455.19"
1/1/25,"3,360.14"
12/31/24,"3,337.80"
12/30/24,"3,361.99"
12/29/24,"3,355.97"
12/28/24,"3,404.59"
12/27/24,"3,334.19"
12/26/24,"3,335.96"
12/25/24,"3,496.49"
12/24/24,"3,493.31"
12/23/24,"3,422.01"
12/22/24,"3,281.58"
12/21/24,"3,338.66"
12/20/24,"3,474.01"
12/19/24,"3,418.84"
12/18/24,"3,627.88"
12/17/24,"3,892.79"
12/16/24,"3,986.91"
12/15/24,"3,959.81"
12/14/24,"3,871.13"
12/13/24,"3,909.48"
12/12/24,"3,881.63"
12/11/24,"3,831.41"
12/10/24,"3,628.94"
12/9/24,"3,718.98"
12/8/24,"4,002.91"
12/7/24,"3,996.24"
12/6/24,"3,999.51"
12/5/24,"3,785.10"
12/4/24,"3,836.25"
12/3/24,"3,615.07"
12/2/24,"3,643.48"
12/1/24,"3,708.33"
11/30/24,"3,702.97"
11/29/24,"3,592.13"
11/28/24,"3,578.41"
11/27/24,"3,653.79"
11/26/24,"3,326.30"
11/25/24,"3,412.18"
11/24/24,"3,361.41"
11/23/24,"3,393.91"
11/22/24,"3,327.77"
11/21/24,"3,356.43"
11/20/24,"3,069.72"
11/19/24,"3,105.97"
11/18/24,"3,207.46"
11/17/24,"3,075.42"
11/16/24,"3,132.00"
11/15/24,"3,089.45"
11/14/24,"3,058.22"
11/13/24,"3,187.02"
11/12/24,"3,242.44"
11/11/24,"3,372.13"
11/10/24,"3,186.05"
11/9/24,"3,127.69"
11/8/24,"2,961.34"
11/7/24,"2,894.13"
11/6/24,"2,721.85"
11/5/24,"2,422.50"
11/4/24,"2,398.95"
11/3/24,"2,457.68"
11/2/24,"2,492.45"
11/1/24,"2,511.96"
10/31/24,"2,519.14"
10/30/24,"2,658.62"
10/29/24,"2,638.64"
10/28/24,"2,567.41"
10/27/24,"2,507.39"
10/26/24,"2,482.52"
10/25/24,"2,441.18"
10/24/24,"2,535.87"
10/23/24,"2,526.10"
10/22/24,"2,621.79"
10/21/24,"2,666.66"
10/20/24,"2,747.28"
10/19/24,"2,647.39"
10/18/24,"2,641.72"
10/17/24,"2,605.53"
10/16/24,"2,611.09"
10/15/24,"2,607.84"
10/14/24,"2,630.54"
10/13/24,"2,468.92"
10/12/24,"2,476.48"
10/11/24,"2,436.73"
10/10/24,"2,385.40"
10/9/24,"2,370.13"
10/8/24,"2,440.93"
10/7/24,"2,422.75"
10/6/24,"2,440.33"
10/5/24,"2,414.98"
10/4/24,"2,414.43"
10/3/24,"2,349.67"
10/2/24,"2,365.57"
10/1/24,"2,449.67"
9/30/24,"2,603.48"
9/29/24,"2,657.67"
9/28/24,"2,675.71"
9/27/24,"2,694.53"
9/26/24,"2,632.05"
9/25/24,"2,580.34"
9/24/24,"2,652.50"
9/23/24,"2,647.65"
9/22/24,"2,582.35"
9/21/24,"2,613.35"
9/20/24,"2,561.79"
9/19/24,"2,464.49"
9/18/24,"2,372.18"
9/17/24,"2,341.82"
9/16/24,"2,295.72"
9/15/24,"2,317.04"
9/14/24,"2,417.56"
9/13/24,"2,440.12"
9/12/24,"2,361.79"
9/11/24,"2,340.19"
9/10/24,"2,387.71"
9/9/24,"2,359.60"
9/8/24,"2,296.19"
9/7/24,"2,274.87"
9/6/24,"2,225.72"
9/5/24,"2,369.18"
9/4/24,"2,450.18"
9/3/24,"2,423.40"
9/2/24,"2,538.35"
9/1/24,"2,427.49"
8/31/24,"2,513.56"
8/30/24,"2,525.45"
8/29/24,"2,528.72"
8/28/24,"2,527.73"
8/27/24,"2,457.99"
8/26/24,"2,680.30"
8/25/24,"2,747.99"
8/24/24,"2,768.49"
8/23/24,"2,762.86"
8/22/24,"2,623.06"
8/21/24,"2,630.67"
8/20/24,"2,572.90"
8/19/24,"2,637.10"
8/18/24,"2,612.10"
8/17/24,"2,614.35"
8/16/24,"2,592.38"
8/15/24,"2,569.44"
8/14/24,"2,662.95"
8/13/24,"2,702.95"
8/12/24,"2,722.64"
8/11/24,"2,553.57"
8/10/24,"2,610.24"
8/9/24,"2,598.90"
8/8/24,"2,683.84"
8/7/24,"2,337.83"
8/6/24,"2,461.92"
8/5/24,"2,415.99"
8/4/24,"2,688.55"
8/3/24,"2,904.59"
8/2/24,"2,990.32"
8/1/24,"3,204.93"
7/31/24,"3,231.84"
7/30/24,"3,278.94"
7/29/24,"3,318.24"
7/28/24,"3,270.32"
7/27/24,"3,247.06"
7/26/24,"3,275.12"
7/25/24,"3,175.52"
7/24/24,"3,335.33"
7/23/24,"3,482.54"
7/22/24,"3,440.01"
7/21/24,"3,535.55"
7/20/24,"3,517.04"
7/19/24,"3,504.42"
7/18/24,"3,425.94"
7/17/24,"3,387.81"
7/16/24,"3,442.99"
7/15/24,"3,484.78"
7/14/24,"3,243.50"
7/13/24,"3,175.10"
7/12/24,"3,133.33"
7/11/24,"3,099.82"
7/10/24,"3,101.17"
7/9/24,"3,065.11"
7/8/24,"3,019.64"
7/7/24,"2,930.48"
7/6/24,"3,068.79"
7/5/24,"2,981.40"
7/4/24,"3,057.81"
7/3/24,"3,295.13"
7/2/24,"3,421.71"
7/1/24,"3,442.67"
6/30/24,"3,437.84"
6/29/24,"3,378.60"
6/28/24,"3,380.15"
6/27/24,"3,450.45"
6/26/24,"3,370.72"
6/25/24,"3,395.03"
6/24/24,"3,352.29"
6/23/24,"3,420.84"
6/22/24,"3,495.87"
6/21/24,"3,518.03"
6/20/24,"3,512.91"
6/19/24,"3,561.30"
6/18/24,"3,484.55"
6/17/24,"3,511.52"
6/16/24,"3,625.11"
6/15/24,"3,568.72"
6/14/24,"3,481.84"
6/13/24,"3,470.15"
6/12/24,"3,559.95"
6/11/24,"3,498.00"
6/10/24,"3,667.85"
6/9/24,"3,706.32"
6/8/24,"3,681.59"
6/7/24,"3,678.37"
6/6/24,"3,812.95"
6/5/24,"3,865.14"
6/4/24,"3,810.35"
6/3/24,"3,767.10"
6/2/24,"3,782.08"
6/1/24,"3,815.95"
5/31/24,"3,762.66"
5/30/24,"3,747.55"
5/29/24,"3,769.57"
5/28/24,"3,845.56"
5/27/24,"3,894.33"
5/26/24,"3,826.02"
5/25/24,"3,749.28"
5/24/24,"3,728.21"
5/23/24,"3,785.65"
5/22/24,"3,739.08"
5/21/24,"3,790.46"
5/20/24,"3,661.07"
5/19/24,"3,072.08"
5/18/24,"3,122.87"
5/17/24,"3,092.75"
5/16/24,"2,944.99"
5/15/24,"3,034.71"
5/14/24,"2,881.99"
5/13/24,"2,951.01"
5/12/24,"2,929.35"
5/11/24,"2,912.56"
5/10/24,"2,909.86"
5/9/24,"3,036.32"
5/8/24,"2,974.94"
5/7/24,"3,006.36"
5/6/24,"3,062.03"
5/5/24,"3,136.40"
5/4/24,"3,117.23"
5/3/24,"3,102.25"
5/2/24,"2,987.12"
5/1/24,"2,973.27"
4/30/24,"3,014.41"
4/29/24,"3,216.29"
4/28/24,"3,261.69"
4/27/24,"3,255.57"
4/26/24,"3,130.90"
4/25/24,"3,155.83"
4/24/24,"3,141.03"
4/23/24,"3,220.13"
4/22/24,"3,200.62"
4/21/24,"3,147.83"
4/20/24,"3,156.63"
4/19/24,"3,056.23"
4/18/24,"3,064.48"
4/17/24,"2,985.82"
4/16/24,"3,083.43"
4/15/24,"3,100.94"
4/14/24,"3,152.65"
4/13/24,"3,004.44"
4/12/24,"3,239.86"
4/11/24,"3,502.55"
4/10/24,"3,545.16"
4/9/24,"3,506.96"
4/8/24,"3,694.93"
4/7/24,"3,454.17"
4/6/24,"3,352.03"
4/5/24,"3,317.84"
4/4/24,"3,327.45"
4/3/24,"3,310.62"
4/2/24,"3,277.99"
4/1/24,"3,502.82"
3/31/24,"3,647.09"
3/30/24,"3,506.83"
3/29/24,"3,509.76"
3/28/24,"3,559.43"
3/27/24,"3,500.43"
3/26/24,"3,587.50"
3/25/24,"3,590.62"
3/24/24,"3,455.33"
3/23/24,"3,332.90"
3/22/24,"3,334.12"
3/21/24,"3,493.23"
3/20/24,"3,514.73"
3/19/24,"3,165.20"
3/18/24,"3,520.30"
3/17/24,"3,644.78"
3/16/24,"3,523.68"
3/15/24,"3,741.12"
3/14/24,"3,883.94"
3/13/24,"4,004.29"
3/12/24,"3,979.30"
3/11/24,"4,065.02"
3/10/24,"3,878.47"
3/9/24,"3,905.17"
3/8/24,"3,883.20"
3/7/24,"3,869.69"
3/6/24,"3,814.56"
3/5/24,"3,556.03"
3/4/24,"3,626.34"
3/3/24,"3,488.67"
3/2/24,"3,420.64"
3/1/24,"3,433.51"
2/29/24,"3,339.26"
2/28/24,"3,383.03"
2/27/24,"3,242.14"
2/26/24,"3,175.94"
2/25/24,"3,112.59"
2/24/24,"2,992.29"
2/23/24,"2,922.24"
2/22/24,"2,972.46"
2/21/24,"2,971.18"
2/20/24,"3,015.38"
2/19/24,"2,944.80"
2/18/24,"2,880.10"
2/17/24,"2,785.90"
2/16/24,"2,801.80"
2/15/24,"2,822.59"
2/14/24,"2,775.12"
2/13/24,"2,640.10"
2/12/24,"2,657.87"
2/11/24,"2,506.69"
2/10/24,"2,500.28"
2/9/24,"2,486.24"
2/8/24,"2,419.56"
2/7/24,"2,424.64"
2/6/24,"2,372.65"
2/5/24,"2,301.83"
2/4/24,"2,289.78"
2/3/24,"2,296.50"
2/2/24,"2,309.28"
2/1/24,"2,304.28"
1/31/24,"2,283.14"
1/30/24,"2,343.11"
1/29/24,"2,317.79"
1/28/24,"2,256.92"
1/27/24,"2,267.91"
1/26/24,"2,267.55"
1/25/24,"2,217.71"
1/24/24,"2,234.64"
1/23/24,"2,243.74"
1/22/24,"2,313.64"
1/21/24,"2,457.06"
1/20/24,"2,472.03"
1/19/24,"2,491.81"
1/18/24,"2,469.77"
1/17/24,"2,531.26"
1/16/24,"2,588.64"
1/15/24,"2,511.94"
1/14/24,"2,473.96"
1/13/24,"2,578.36"
1/12/24,"2,523.98"
1/11/24,"2,618.08"
1/10/24,"2,581.79"
1/9/24,"2,344.67"
1/8/24,"2,330.98"
1/7/24,"2,221.40"
1/6/24,"2,240.49"
1/5/24,"2,268.12"
1/4/24,"2,267.27"
1/3/24,"2,209.49"
1/2/24,"2,355.27"
1/1/24,"2,352.03"
12/31/23,"2,281.90"
12/30/23,"2,291.70"
12/29/23,"2,299.24"
12/28/23,"2,344.47"
12/27/23,"2,378.63"
12/26/23,"2,230.74"
12/25/23,"2,271.38"
12/24/23,"2,263.57"
12/23/23,"2,308.61"
12/22/23,"2,324.23"
12/21/23,"2,239.62"
12/20/23,"2,202.19"
12/19/23,"2,177.44"
12/18/23,"2,218.80"
12/17/23,"2,197.04"
12/16/23,"2,229.07"
12/15/23,"2,220.41"
12/14/23,"2,315.64"
12/13/23,"2,260.18"
12/12/23,"2,203.49"
12/11/23,"2,225.34"
12/10/23,"2,352.26"
12/9/23,"2,340.55"
12/8/23,"2,358.42"
12/7/23,"2,355.80"
12/6/23,"2,233.45"
12/5/23,"2,293.34"
12/4/23,"2,243.54"
12/3/23,"2,192.79"
12/2/23,"2,164.79"
12/1/23,"2,087.21"
11/30/23,"2,051.56"
11/29/23,"2,028.99"
11/28/23,"2,048.47"
11/27/23,"2,027.51"
11/26/23,"2,062.64"
11/25/23,"2,083.09"
11/24/23,"2,080.62"
11/23/23,"2,061.92"
11/22/23,"2,063.05"
11/21/23,"1,934.62"
11/20/23,"2,021.49"
11/19/23,"2,011.01"
11/18/23,"1,961.72"
11/17/23,"1,960.80"
11/16/23,"1,961.76"
11/15/23,"2,058.93"
11/14/23,"1,979.10"
11/13/23,"2,054.18"
11/12/23,"2,044.61"
11/11/23,"2,053.42"
11/10/23,"2,077.78"
11/9/23,"2,120.16"
11/8/23,"1,889.29"
11/7/23,"1,885.97"
11/6/23,"1,900.98"
11/5/23,"1,892.36"
11/4/23,"1,855.72"
11/3/23,"1,832.29"
11/2/23,"1,800.27"
11/1/23,"1,846.60"
10/31/23,"1,815.13"
10/30/23,"1,809.05"
10/29/23,"1,794.96"
10/28/23,"1,776.21"
10/27/23,"1,779.54"
10/26/23,"1,803.13"
10/25/23,"1,787.00"
10/24/23,"1,784.88"
10/23/23,"1,763.75"
10/22/23,"1,663.35"
10/21/23,"1,628.94"
10/20/23,"1,603.89"
10/19/23,"1,566.79"
10/18/23,"1,563.43"
10/17/23,"1,564.99"
10/16/23,"1,599.48"
10/15/23,"1,557.66"
10/14/23,"1,554.96"
10/13/23,"1,552.17"
10/12/23,"1,539.70"
10/11/23,"1,566.88"
10/10/23,"1,567.60"
10/9/23,"1,579.74"
10/8/23,"1,632.85"
10/7/23,"1,633.58"
10/6/23,"1,645.62"
10/5/23,"1,611.58"
10/4/23,"1,647.05"
10/3/23,"1,656.88"
10/2/23,"1,662.79"
10/1/23,"1,732.89"
9/30/23,"1,670.92"
9/29/23,"1,667.72"
9/28/23,"1,652.89"
9/27/23,"1,598.49"
9/26/23,"1,594.04"
9/25/23,"1,588.62"
9/24/23,"1,580.55"
9/23/23,"1,593.89"
9/22/23,"1,593.10"
9/21/23,"1,584.03"
9/20/23,"1,622.28"
9/19/23,"1,643.08"
9/18/23,"1,636.92"
9/17/23,"1,622.65"
9/16/23,"1,634.41"
9/15/23,"1,641.31"
9/14/23,"1,626.49"
9/13/23,"1,607.63"
9/12/23,"1,592.50"
9/11/23,"1,551.89"
9/10/23,"1,617.44"
9/9/23,"1,635.56"
9/8/23,"1,636.45"
9/7/23,"1,648.09"
9/6/23,"1,633.18"
9/5/23,"1,634.46"
9/4/23,"1,630.51"
9/3/23,"1,635.85"
9/2/23,"1,637.05"
9/1/23,"1,629.00"
8/31/23,"1,645.82"
8/30/23,"1,705.22"
8/29/23,"1,729.69"
8/28/23,"1,653.22"
8/27/23,"1,658.33"
8/26/23,"1,647.05"
8/25/23,"1,653.74"
8/24/23,"1,660.89"
8/23/23,"1,679.93"
8/22/23,"1,634.29"
8/21/23,"1,667.60"
8/20/23,"1,685.24"
8/19/23,"1,669.67"
8/18/23,"1,661.26"
8/17/23,"1,683.89"
8/16/23,"1,807.81"
8/15/23,"1,828.98"
8/14/23,"1,845.51"
8/13/23,"1,840.73"
8/12/23,"1,849.94"
8/11/23,"1,848.88"
8/10/23,"1,852.46"
8/9/23,"1,855.36"
8/8/23,"1,856.24"
8/7/23,"1,829.11"
8/6/23,"1,830.28"
8/5/23,"1,836.48"
8/4/23,"1,830.24"
8/3/23,"1,835.98"
8/2/23,"1,840.21"
8/1/23,"1,874.21"
7/31/23,"1,856.17"
7/30/23,"1,861.81"
7/29/23,"1,880.55"
7/28/23,"1,874.23"
7/27/23,"1,861.32"
7/26/23,"1,872.00"
7/25/23,"1,857.67"
7/24/23,"1,850.04"
7/23/23,"1,888.85"
7/22/23,"1,866.25"
7/21/23,"1,891.75"
7/20/23,"1,891.23"
7/19/23,"1,888.65"
7/18/23,"1,897.58"
7/17/23,"1,911.24"
7/16/23,"1,922.45"
7/15/23,"1,931.42"
7/14/23,"1,938.05"
7/13/23,"2,004.77"
7/12/23,"1,871.86"
7/11/23,"1,878.33"
7/10/23,"1,880.42"
7/9/23,"1,862.91"
7/8/23,"1,865.28"
7/7/23,"1,870.92"
7/6/23,"1,848.36"
7/5/23,"1,910.43"
7/4/23,"1,936.19"
7/3/23,"1,955.56"
7/2/23,"1,937.57"
7/1/23,"1,924.53"
6/30/23,"1,933.80"
6/29/23,"1,851.92"
6/28/23,"1,827.95"
6/27/23,"1,889.51"
6/26/23,"1,859.00"
6/25/23,"1,898.80"
6/24/23,"1,875.00"
6/23/23,"1,891.97"
6/22/23,"1,872.32"
6/21/23,"1,889.87"
6/20/23,"1,791.61"
6/19/23,"1,737.06"
6/18/23,"1,720.98"
6/17/23,"1,727.79"
6/16/23,"1,717.92"
6/15/23,"1,666.96"
6/14/23,"1,650.96"
6/13/23,"1,739.60"
6/12/23,"1,742.60"
6/11/23,"1,752.80"
6/10/23,"1,751.56"
6/9/23,"1,840.41"
6/8/23,"1,845.68"
6/7/23,"1,832.10"
6/6/23,"1,884.17"
6/5/23,"1,811.20"
6/4/23,"1,890.04"
6/3/23,"1,892.05"
6/2/23,"1,907.10"
6/1/23,"1,861.77"
5/31/23,"1,873.63"
5/30/23,"1,900.59"
5/29/23,"1,892.61"
5/28/23,"1,908.35"
5/27/23,"1,829.91"
5/26/23,"1,827.80"
5/25/23,"1,805.69"
5/24/23,"1,799.91"
5/23/23,"1,854.08"
5/22/23,"1,817.19"
5/21/23,"1,804.89"
5/20/23,"1,819.68"
5/19/23,"1,812.32"
5/18/23,"1,800.99"
5/17/23,"1,821.73"
5/16/23,"1,823.98"
5/15/23,"1,817.11"
5/14/23,"1,799.36"
5/13/23,"1,794.95"
5/12/23,"1,807.31"
5/11/23,"1,794.71"
5/10/23,"1,840.92"
5/9/23,"1,846.56"
5/8/23,"1,847.48"
5/7/23,"1,870.99"
5/6/23,"1,896.48"
5/5/23,"1,993.33"
5/4/23,"1,877.06"
5/3/23,"1,904.74"
5/2/23,"1,869.74"
5/1/23,"1,830.75"
4/30/23,"1,868.88"
4/29/23,"1,907.80"
4/28/23,"1,891.14"
4/27/23,"1,908.81"
4/26/23,"1,866.05"
4/25/23,"1,865.95"
4/24/23,"1,841.88"
4/23/23,"1,862.05"
4/22/23,"1,873.95"
4/21/23,"1,849.81"
4/20/23,"1,942.72"
4/19/23,"1,935.97"
4/18/23,"2,103.34"
4/17/23,"2,074.74"
4/16/23,"2,119.29"
4/15/23,"2,090.59"
4/14/23,"2,099.98"
4/13/23,"2,012.11"
4/12/23,"1,916.58"
4/11/23,"1,889.86"
4/10/23,"1,910.36"
4/9/23,"1,858.90"
4/8/23,"1,848.93"
4/7/23,"1,863.46"
4/6/23,"1,872.35"
4/5/23,"1,908.96"
4/4/23,"1,870.52"
4/3/23,"1,810.77"
4/2/23,"1,795.01"
4/1/23,"1,820.78"
3/31/23,"1,821.62"
3/30/23,"1,793.59"
3/29/23,"1,793.27"
3/28/23,"1,772.63"
3/27/23,"1,714.65"
3/26/23,"1,774.06"
3/25/23,"1,742.34"
3/24/23,"1,749.26"
3/23/23,"1,814.08"
3/22/23,"1,734.48"
3/21/23,"1,803.54"
3/20/23,"1,732.31"
3/19/23,"1,779.47"
3/18/23,"1,758.70"
3/17/23,"1,789.38"
3/16/23,"1,673.85"
3/15/23,"1,649.65"
3/14/23,"1,700.15"
3/13/23,"1,673.93"
3/12/23,"1,580.24"
3/11/23,"1,471.15"
3/10/23,"1,426.75"
3/9/23,"1,438.50"
3/8/23,"1,533.04"
3/7/23,"1,561.78"
3/6/23,"1,565.84"
3/5/23,"1,564.37"
3/4/23,"1,566.73"
3/3/23,"1,568.89"
3/2/23,"1,647.38"
3/1/23,"1,666.09"
2/28/23,"1,604.69"
2/27/23,"1,633.66"
2/26/23,"1,641.60"
2/25/23,"1,594.66"
2/24/23,"1,608.24"
2/23/23,"1,650.52"
2/22/23,"1,643.39"
2/21/23,"1,659.41"
2/20/23,"1,703.27"
2/19/23,"1,681.52"
2/18/23,"1,691.62"
2/17/23,"1,693.96"
2/16/23,"1,640.66"
2/15/23,"1,675.43"
2/14/23,"1,555.46"
2/13/23,"1,505.84"
2/12/23,"1,515.44"
2/11/23,"1,538.34"
2/10/23,"1,513.82"
2/9/23,"1,545.35"
2/8/23,"1,650.99"
2/7/23,"1,671.40"
2/6/23,"1,613.72"
2/5/23,"1,629.44"
2/4/23,"1,666.90"
2/3/23,"1,663.79"
2/2/23,"1,641.71"
2/1/23,"1,642.10"
1/31/23,"1,585.27"
1/30/23,"1,566.50"
1/29/23,"1,645.97"
1/28/23,"1,573.07"
1/27/23,"1,597.60"
1/26/23,"1,602.55"
1/25/23,"1,611.20"
1/24/23,"1,556.15"
1/23/23,"1,626.53"
1/22/23,"1,627.03"
1/21/23,"1,625.53"
1/20/23,"1,659.98"
1/19/23,"1,551.62"
1/18/23,"1,511.31"
1/17/23,"1,564.67"
1/16/23,"1,576.94"
1/15/23,"1,552.69"
1/14/23,"1,550.02"
1/13/23,"1,450.86"
1/12/23,"1,416.08"
1/11/23,"1,389.84"
1/10/23,"1,335.13"
1/9/23,"1,320.51"
1/8/23,"1,288.38"
1/7/23,"1,263.90"
1/6/23,"1,269.14"
1/5/23,"1,250.95"
1/4/23,"1,256.92"
1/3/23,"1,214.57"
1/2/23,"1,213.93"
1/1/23,"1,200.52"
12/31/22,"1,195.67"
12/30/22,"1,199.80"
12/29/22,"1,200.84"
12/28/22,"1,189.98"
12/27/22,"1,211.60"
12/26/22,"1,227.65"
12/25/22,"1,218.69"
12/24/22,"1,220.46"
12/23/22,"1,220.03"
12/22/22,"1,217.57"
12/21/22,"1,213.85"
12/20/22,"1,217.20"
12/19/22,"1,167.80"
12/18/22,"1,182.70"
12/17/22,"1,187.18"
12/16/22,"1,166.70"
12/15/22,"1,266.32"
12/14/22,"1,307.30"
12/13/22,"1,320.76"
12/12/22,"1,275.02"
12/11/22,"1,263.42"
12/10/22,"1,266.62"
12/9/22,"1,262.86"
12/8/22,"1,280.29"
12/7/22,"1,231.04"
12/6/22,"1,271.26"
12/5/22,"1,259.56"
12/4/22,"1,279.74"
12/3/22,"1,240.46"
12/2/22,"1,295.69"
12/1/22,"1,276.05"
11/30/22,"1,294.41"
11/29/22,"1,216.55"
11/28/22,"1,167.73"
11/27/22,"1,193.38"
11/26/22,"1,205.15"
11/25/22,"1,198.12"
11/24/22,"1,203.77"
11/23/22,"1,185.79"
11/22/22,"1,139.74"
11/21/22,"1,107.46"
11/20/22,"1,142.88"
11/19/22,"1,217.65"
11/18/22,"1,207.31"
11/17/22,"1,205.17"
11/16/22,"1,206.16"
11/15/22,"1,253.45"
11/14/22,"1,242.64"
11/13/22,"1,221.47"
11/12/22,"1,256.29"
11/11/22,"1,288.63"
11/10/22,"1,299.15"
11/9/22,"1,100.84"
11/8/22,"1,335.25"
11/7/22,"1,567.57"
11/6/22,"1,570.86"
11/5/22,"1,627.07"
11/4/22,"1,645.01"
11/3/22,"1,531.08"
11/2/22,"1,519.04"
11/1/22,"1,579.64"
10/31/22,"1,572.89"
10/30/22,"1,590.47"
10/29/22,"1,619.69"
10/28/22,"1,554.47"
10/27/22,"1,514.19"
10/26/22,"1,566.16"
10/25/22,"1,459.60"
10/24/22,"1,343.88"
10/23/22,"1,363.92"
10/22/22,"1,313.64"
10/21/22,"1,299.76"
10/20/22,"1,282.87"
10/19/22,"1,285.32"
10/18/22,"1,310.81"
10/17/22,"1,331.12"
10/16/22,"1,305.95"
10/15/22,"1,274.57"
10/14/22,"1,296.74"
10/13/22,"1,287.34"
10/12/22,"1,294.57"
10/11/22,"1,279.97"
10/10/22,"1,290.04"
10/9/22,"1,323.41"
10/8/22,"1,315.05"
10/7/22,"1,330.99"
10/6/22,"1,352.27"
10/5/22,"1,352.07"
10/4/22,"1,361.48"
10/3/22,"1,323.41"
10/2/22,"1,275.74"
10/1/22,"1,311.80"
9/30/22,"1,328.73"
9/29/22,"1,336.08"
9/28/22,"1,337.37"
9/27/22,"1,328.23"
9/26/22,"1,337.06"
9/25/22,"1,294.26"
9/24/22,"1,317.00"
9/23/22,"1,327.96"
9/22/22,"1,326.44"
9/21/22,"1,247.74"
9/20/22,"1,323.33"
9/19/22,"1,376.00"
9/18/22,"1,335.01"
9/17/22,"1,468.79"
9/16/22,"1,434.01"
9/15/22,"1,472.64"
9/14/22,"1,637.92"
9/13/22,"1,574.47"
9/12/22,"1,716.42"
9/11/22,"1,766.93"
9/10/22,"1,774.38"
9/9/22,"1,718.81"
9/8/22,"1,634.85"
9/7/22,"1,629.51"
9/6/22,"1,557.85"
9/5/22,"1,617.07"
9/4/22,"1,578.89"
9/3/22,"1,557.55"
9/2/22,"1,575.34"
9/1/22,"1,585.48"
8/31/22,"1,555.12"
8/30/22,"1,523.34"
8/29/22,"1,552.60"
8/28/22,"1,426.25"
8/27/22,"1,490.83"
8/26/22,"1,508.08"
8/25/22,"1,695.37"
8/24/22,"1,656.64"
8/23/22,"1,664.89"
8/22/22,"1,626.75"
8/21/22,"1,618.25"
8/20/22,"1,575.60"
8/19/22,"1,609.48"
8/18/22,"1,846.51"
8/17/22,"1,834.18"
8/16/22,"1,876.70"
8/15/22,"1,900.25"
8/14/22,"1,935.10"
8/13/22,"1,983.50"
8/12/22,"1,957.63"
8/11/22,"1,880.28"
8/10/22,"1,853.46"
8/9/22,"1,702.80"
8/8/22,"1,778.42"
8/7/22,"1,700.29"
8/6/22,"1,690.27"
8/5/22,"1,737.71"
8/4/22,"1,606.94"
8/3/22,"1,618.08"
8/2/22,"1,631.48"
8/1/22,"1,630.10"
7/31/22,"1,680.00"
7/30/22,"1,695.97"
7/29/22,"1,720.77"
7/28/22,"1,726.01"
7/27/22,"1,636.01"
7/26/22,"1,450.70"
7/25/22,"1,438.52"
7/24/22,"1,598.19"
7/23/22,"1,549.61"
7/22/22,"1,534.85"
7/21/22,"1,575.68"
7/20/22,"1,520.64"
7/19/22,"1,543.50"
7/18/22,"1,584.77"
7/17/22,"1,337.85"
7/16/22,"1,356.08"
7/15/22,"1,231.03"
7/14/22,"1,192.75"
7/13/22,"1,115.83"
7/12/22,"1,038.56"
7/11/22,"1,096.43"
7/10/22,"1,167.35"
7/9/22,"1,216.94"
7/8/22,"1,216.33"
7/7/22,"1,238.15"
7/6/22,"1,186.45"
7/5/22,"1,133.90"
7/4/22,"1,151.19"
7/3/22,"1,074.08"
7/2/22,"1,066.60"
7/1/22,"1,058.94"
6/30/22,"1,069.05"
6/29/22,"1,099.51"
6/28/22,"1,143.97"
6/27/22,"1,190.84"
6/26/22,"1,198.03"
6/25/22,"1,241.76"
6/24/22,"1,225.03"
6/23/22,"1,144.19"
6/22/22,"1,049.02"
6/21/22,"1,125.96"
6/20/22,"1,128.32"
6/19/22,"1,128.39"
6/18/22,995.61
6/17/22,"1,086.47"
6/16/22,"1,068.49"
6/15/22,"1,237.92"
6/14/22,"1,210.84"
6/13/22,"1,206.67"
6/12/22,"1,435.46"
6/11/22,"1,531.42"
6/10/22,"1,663.02"
6/9/22,"1,788.06"
6/8/22,"1,793.00"
6/7/22,"1,813.72"
6/6/22,"1,859.99"
6/5/22,"1,806.71"
6/4/22,"1,804.37"
6/3/22,"1,775.29"
6/2/22,"1,834.64"
6/1/22,"1,818.07"
5/31/22,"1,941.79"
5/30/22,"1,998.46"
5/29/22,"1,813.56"
5/28/22,"1,792.68"
5/27/22,"1,724.30"
5/26/22,"1,793.42"
5/25/22,"1,942.91"
5/24/22,"1,979.35"
5/23/22,"1,972.93"
5/22/22,"2,043.19"
5/21/22,"1,975.12"
5/20/22,"1,959.85"
5/19/22,"2,019.34"
5/18/22,"1,912.12"
5/17/22,"2,091.14"
5/16/22,"2,022.93"
5/15/22,"2,145.86"
5/14/22,"2,056.30"
5/13/22,"2,009.53"
5/12/22,"1,955.36"
5/11/22,"2,080.79"
5/10/22,"2,342.30"
5/9/22,"2,229.10"
5/8/22,"2,519.98"
5/7/22,"2,636.03"
5/6/22,"2,692.88"
5/5/22,"2,747.46"
5/4/22,"2,940.70"
5/3/22,"2,781.47"
5/2/22,"2,856.01"
5/1/22,"2,825.80"
4/30/22,"2,727.18"
4/29/22,"2,816.66"
4/28/22,"2,937.01"
4/27/22,"2,888.99"
4/26/22,"2,810.42"
4/25/22,"3,006.04"
4/24/22,"2,922.03"
4/23/22,"2,931.90"
4/22/22,"2,963.00"
4/21/22,"2,983.95"
4/20/22,"3,076.38"
4/19/22,"3,102.01"
4/18/22,"3,055.64"
4/17/22,"2,989.05"
4/16/22,"3,058.96"
4/15/22,"3,042.01"
4/14/22,"3,021.93"
4/13/22,"3,116.92"
4/12/22,"3,027.25"
4/11/22,"2,978.29"
4/10/22,"3,201.84"
4/9/22,"3,259.35"
4/8/22,"3,193.93"
4/7/22,"3,228.84"
4/6/22,"3,169.58"
4/5/22,"3,406.78"
4/4/22,"3,520.41"
4/3/22,"3,521.10"
4/2/22,"3,442.34"
4/1/22,"3,456.18"
3/31/22,"3,282.35"
3/30/22,"3,385.64"
3/29/22,"3,401.89"
3/28/22,"3,329.38"
3/27/22,"3,297.04"
3/26/22,"3,146.01"
3/25/22,"3,103.51"
3/24/22,"3,109.25"
3/23/22,"3,036.12"
3/22/22,"2,969.64"
3/21/22,"2,891.63"
3/20/22,"2,861.69"
3/19/22,"2,949.92"
3/18/22,"2,939.76"
3/17/22,"2,812.29"
3/16/22,"2,773.94"
3/15/22,"2,617.43"
3/14/22,"2,589.30"
3/13/22,"2,516.75"
3/12/22,"2,569.80"
3/11/22,"2,556.96"
3/10/22,"2,606.50"
3/9/22,"2,726.94"
3/8/22,"2,577.21"
3/7/22,"2,492.53"
3/6/22,"2,549.40"
3/5/22,"2,665.42"
3/4/22,"2,622.15"
3/3/22,"2,834.91"
3/2/22,"2,947.14"
3/1/22,"2,975.81"
2/28/22,"2,922.50"
2/27/22,"2,616.34"
2/26/22,"2,776.96"
2/25/22,"2,767.53"
2/24/22,"2,596.52"
2/23/22,"2,578.15"
2/22/22,"2,636.13"
2/21/22,"2,569.87"
2/20/22,"2,619.32"
2/19/22,"2,763.81"
2/18/22,"2,779.56"
2/17/22,"2,894.03"
2/16/22,"3,118.90"
2/15/22,"3,182.27"
2/14/22,"2,929.31"
2/13/22,"2,870.25"
2/12/22,"2,917.10"
2/11/22,"2,927.63"
2/10/22,"3,071.83"
2/9/22,"3,243.62"
2/8/22,"3,115.88"
2/7/22,"3,140.18"
2/6/22,"3,056.20"
2/5/22,"3,013.81"
2/4/22,"2,994.99"
2/3/22,"2,692.80"
2/2/22,"2,681.00"
2/1/22,"2,787.16"
1/31/22,"2,686.82"
1/30/22,"2,602.77"
1/29/22,"2,600.02"
1/28/22,"2,545.95"
1/27/22,"2,424.66"
1/26/22,"2,461.41"
1/25/22,"2,458.07"
1/24/22,"2,441.01"
1/23/22,"2,540.81"
1/22/22,"2,412.52"
1/21/22,"2,571.29"
1/20/22,"3,004.72"
1/19/22,"3,083.65"
1/18/22,"3,160.15"
1/17/22,"3,209.35"
1/16/22,"3,346.59"
1/15/22,"3,327.74"
1/14/22,"3,307.90"
1/13/22,"3,238.03"
1/12/22,"3,370.89"
1/11/22,"3,237.89"
1/10/22,"3,085.43"
1/9/22,"3,150.30"
1/8/22,"3,080.02"
1/7/22,"3,195.31"
1/6/22,"3,407.77"
1/5/22,"3,535.86"
1/4/22,"3,789.52"
1/3/22,"3,764.24"
1/2/22,"3,830.67"
1/1/22,"3,765.67"
12/31/21,"3,677.85"
12/30/21,"3,709.57"
12/29/21,"3,627.93"
12/28/21,"3,791.69"
12/27/21,"4,036.24"
12/26/21,"4,061.27"
12/25/21,"4,093.14"
12/24/21,"4,043.39"
12/23/21,"4,110.14"
12/22/21,"3,979.54"
12/21/21,"4,016.59"
12/20/21,"3,938.80"
12/19/21,"3,925.34"
12/18/21,"3,959.83"
12/17/21,"3,878.29"
12/16/21,"3,956.62"
12/15/21,"4,019.24"
12/14/21,"3,861.55"
12/13/21,"3,781.94"
12/12/21,"4,131.78"
12/11/21,"4,075.66"
12/10/21,"3,903.48"
12/9/21,"4,107.69"
12/8/21,"4,435.74"
12/7/21,"4,307.08"
12/6/21,"4,353.31"
12/5/21,"4,194.80"
12/4/21,"4,123.46"
12/3/21,"4,219.30"
12/2/21,"4,512.90"
12/1/21,"4,583.28"
11/30/21,"4,628.90"
11/29/21,"4,443.22"
11/28/21,"4,296.98"
11/27/21,"4,094.80"
11/26/21,"4,034.53"
11/25/21,"4,520.30"
11/24/21,"4,273.54"
11/23/21,"4,340.23"
11/22/21,"4,086.95"
11/21/21,"4,268.08"
11/20/21,"4,408.85"
11/19/21,"4,295.43"
11/18/21,"4,001.87"
11/17/21,"4,290.88"
11/16/21,"4,208.16"
11/15/21,"4,562.98"
11/14/21,"4,625.59"
11/13/21,"4,644.61"
11/12/21,"4,667.31"
11/11/21,"4,720.87"
11/10/21,"4,634.03"
11/9/21,"4,731.83"
11/8/21,"4,808.38"
11/7/21,"4,612.06"
11/6/21,"4,517.36"
11/5/21,"4,475.00"
11/4/21,"4,535.11"
11/3/21,"4,602.21"
11/2/21,"4,586.06"
11/1/21,"4,320.85"
10/31/21,"4,287.56"
10/30/21,"4,320.65"
10/29/21,"4,413.70"
10/28/21,"4,284.90"
10/27/21,"3,921.93"
10/26/21,"4,129.51"
10/25/21,"4,219.92"
10/24/21,"4,082.80"
10/23/21,"4,168.85"
10/22/21,"3,970.94"
10/21/21,"4,054.16"
10/20/21,"4,159.89"
10/19/21,"3,876.78"
10/18/21,"3,747.60"
10/17/21,"3,845.47"
10/16/21,"3,827.55"
10/15/21,"3,866.90"
10/14/21,"3,790.41"
10/13/21,"3,607.28"
10/12/21,"3,489.90"
10/11/21,"3,545.06"
10/10/21,"3,415.03"
10/9/21,"3,574.20"
10/8/21,"3,559.42"
10/7/21,"3,586.00"
10/6/21,"3,575.41"
10/5/21,"3,517.26"
10/4/21,"3,382.90"
10/3/21,"3,417.34"
10/2/21,"3,388.97"
10/1/21,"3,309.13"
9/30/21,"3,000.59"
9/29/21,"2,851.50"
9/28/21,"2,807.28"
9/27/21,"2,926.24"
9/26/21,"3,063.51"
9/25/21,"2,922.55"
9/24/21,"2,928.57"
9/23/21,"3,152.92"
9/22/21,"3,077.78"
9/21/21,"2,761.52"
9/20/21,"2,976.05"
9/19/21,"3,329.12"
9/18/21,"3,435.97"
9/17/21,"3,398.65"
9/16/21,"3,569.43"
9/15/21,"3,611.90"
9/14/21,"3,428.87"
9/13/21,"3,284.52"
9/12/21,"3,408.28"
9/11/21,"3,267.33"
9/10/21,"3,207.27"
9/9/21,"3,423.51"
9/8/21,"3,495.10"
9/7/21,"3,423.12"
9/6/21,"3,927.21"
9/5/21,"3,950.62"
9/4/21,"3,884.97"
9/3/21,"3,936.29"
9/2/21,"3,786.19"
9/1/21,"3,832.73"
8/31/21,"3,430.74"
8/30/21,"3,225.67"
8/29/21,"3,222.16"
8/28/21,"3,243.90"
8/27/21,"3,273.58"
8/26/21,"3,093.54"
8/25/21,"3,228.15"
8/24/21,"3,173.26"
8/23/21,"3,319.49"
8/22/21,"3,238.70"
8/21/21,"3,223.96"
8/20/21,"3,284.21"
8/19/21,"3,184.82"
8/18/21,"3,016.91"
8/17/21,"3,014.58"
8/16/21,"3,147.65"
8/15/21,"3,308.87"
8/14/21,"3,264.69"
8/13/21,"3,322.43"
8/12/21,"3,043.61"
8/11/21,"3,163.66"
8/10/21,"3,140.71"
8/9/21,"3,162.93"
8/8/21,"3,012.07"
8/7/21,"3,158.00"
8/6/21,"2,889.43"
8/5/21,"2,827.21"
8/4/21,"2,725.29"
8/3/21,"2,506.65"
8/2/21,"2,608.04"
8/1/21,"2,556.23"
7/31/21,"2,532.19"
7/30/21,"2,460.95"
7/29/21,"2,380.93"
7/28/21,"2,299.11"
7/27/21,"2,300.22"
7/26/21,"2,229.53"
7/25/21,"2,189.79"
7/24/21,"2,151.85"
7/23/21,"2,123.61"
7/22/21,"2,024.58"
7/21/21,"1,994.49"
7/20/21,"1,786.07"
7/19/21,"1,818.07"
7/18/21,"1,892.42"
7/17/21,"1,897.98"
7/16/21,"1,878.20"
7/15/21,"1,917.21"
7/14/21,"1,994.64"
7/13/21,"1,940.72"
7/12/21,"2,035.09"
7/11/21,"2,139.35"
7/10/21,"2,111.12"
7/9/21,"2,145.89"
7/8/21,"2,120.22"
7/7/21,"2,316.57"
7/6/21,"2,322.72"
7/5/21,"2,196.16"
7/4/21,"2,323.22"
7/3/21,"2,224.70"
7/2/21,"2,154.78"
7/1/21,"2,109.11"
6/30/21,"2,273.84"
6/29/21,"2,158.71"
6/28/21,"2,083.09"
6/27/21,"1,979.88"
6/26/21,"1,830.62"
6/25/21,"1,810.57"
6/24/21,"1,989.14"
6/23/21,"1,968.39"
6/22/21,"1,876.66"
6/21/21,"1,891.18"
6/20/21,"2,243.86"
6/19/21,"2,166.91"
6/18/21,"2,229.53"
6/17/21,"2,371.62"
6/16/21,"2,367.28"
6/15/21,"2,543.83"
6/14/21,"2,581.48"
6/13/21,"2,508.27"
6/12/21,"2,368.47"
6/11/21,"2,351.45"
6/10/21,"2,469.97"
6/9/21,"2,606.23"
6/8/21,"2,510.65"
6/7/21,"2,592.63"
6/6/21,"2,713.66"
6/5/21,"2,628.98"
6/4/21,"2,686.50"
6/3/21,"2,853.35"
6/2/21,"2,706.10"
6/1/21,"2,633.67"
5/31/21,"2,708.47"
5/30/21,"2,386.10"
5/29/21,"2,276.07"
5/28/21,"2,414.29"
5/27/21,"2,735.88"
5/26/21,"2,884.66"
5/25/21,"2,705.09"
5/24/21,"2,646.79"
5/23/21,"2,101.34"
5/22/21,"2,291.60"
5/21/21,"2,433.11"
5/20/21,"2,777.55"
5/19/21,"2,435.69"
5/18/21,"3,377.55"
5/17/21,"3,279.68"
5/16/21,"3,582.12"
5/15/21,"3,641.65"
5/14/21,"4,075.38"
5/13/21,"3,719.62"
5/12/21,"3,811.77"
5/11/21,"4,167.78"
5/10/21,"3,947.90"
5/9/21,"3,922.23"
5/8/21,"3,905.55"
5/7/21,"3,481.22"
5/6/21,"3,489.52"
5/5/21,"3,522.76"
5/4/21,"3,286.71"
5/3/21,"3,429.37"
5/2/21,"2,950.33"
5/1/21,"2,944.66"
4/30/21,"2,772.78"
4/29/21,"2,757.36"
4/28/21,"2,746.54"
4/27/21,"2,665.24"
4/26/21,"2,533.12"
4/25/21,"2,316.48"
4/24/21,"2,215.93"
4/23/21,"2,367.31"
4/22/21,"2,401.10"
4/21/21,"2,360.81"
4/20/21,"2,332.14"
4/19/21,"2,160.63"
4/18/21,"2,237.17"
4/17/21,"2,318.33"
4/16/21,"2,423.18"
4/15/21,"2,514.22"
4/14/21,"2,431.56"
4/13/21,"2,299.93"
4/12/21,"2,137.81"
4/11/21,"2,151.42"
4/10/21,"2,133.79"
4/9/21,"2,066.93"
4/8/21,"2,079.92"
4/7/21,"1,961.46"
4/6/21,"2,111.53"
4/5/21,"2,106.41"
4/4/21,"2,075.94"
4/3/21,"2,008.59"
4/2/21,"2,134.55"
4/1/21,"1,967.96"
3/31/21,"1,917.99"
3/30/21,"1,841.01"
3/29/21,"1,816.69"
3/28/21,"1,686.80"
3/27/21,"1,713.01"
3/26/21,"1,698.60"
3/25/21,"1,586.54"
3/24/21,"1,582.38"
3/23/21,"1,667.90"
3/22/21,"1,682.37"
3/21/21,"1,783.72"
3/20/21,"1,804.60"
3/19/21,"1,809.64"
3/18/21,"1,776.08"
3/17/21,"1,823.35"
3/16/21,"1,804.85"
3/15/21,"1,792.38"
3/14/21,"1,849.06"
3/13/21,"1,921.13"
3/12/21,"1,766.90"
3/11/21,"1,825.79"
3/10/21,"1,794.14"
3/9/21,"1,869.10"
3/8/21,"1,831.49"
3/7/21,"1,728.10"
3/6/21,"1,649.19"
3/5/21,"1,530.29"
3/4/21,"1,538.61"
3/3/21,"1,571.05"
3/2/21,"1,488.62"
3/1/21,"1,570.03"
2/28/21,"1,418.76"
2/27/21,"1,458.93"
2/26/21,"1,445.44"
2/25/21,"1,476.15"
2/24/21,"1,623.71"
2/23/21,"1,578.11"
2/22/21,"1,777.28"
2/21/21,"1,933.45"
2/20/21,"1,913.88"
2/19/21,"1,955.59"
2/18/21,"1,934.16"
2/17/21,"1,847.95"
2/16/21,"1,781.69"
2/15/21,"1,778.82"
2/14/21,"1,801.78"
2/13/21,"1,815.49"
2/12/21,"1,841.02"
2/11/21,"1,786.35"
2/10/21,"1,742.09"
2/9/21,"1,770.63"
2/8/21,"1,750.18"
2/7/21,"1,612.99"
2/6/21,"1,676.63"
2/5/21,"1,719.20"
2/4/21,"1,594.00"
2/3/21,"1,664.34"
2/2/21,"1,511.36"
2/1/21,"1,373.40"
1/31/21,"1,312.73"
1/30/21,"1,376.96"
1/29/21,"1,379.30"
1/28/21,"1,328.47"
1/27/21,"1,247.62"
1/26/21,"1,366.27"
1/25/21,"1,317.90"
1/24/21,"1,390.28"
1/23/21,"1,233.40"
1/22/21,"1,234.58"
1/21/21,"1,117.33"
1/20/21,"1,377.53"
1/19/21,"1,372.00"
1/18/21,"1,258.06"
1/17/21,"1,232.64"
1/16/21,"1,228.27"
1/15/21,"1,171.68"
1/14/21,"1,226.17"
1/13/21,"1,128.46"
1/12/21,"1,050.19"
1/11/21,"1,091.47"
1/10/21,"1,256.04"
1/9/21,"1,275.58"
1/8/21,"1,215.73"
1/7/21,"1,224.35"
1/6/21,"1,207.77"
1/5/21,"1,099.52"
1/4/21,"1,042.40"
1/3/21,974.97
1/2/21,774.5
1/1/21,729.12
12/31/20,735.94
12/30/20,751.8
12/29/20,731.76
12/28/20,730.05
12/27/20,683.71
12/26/20,636.58
12/25/20,626.93
12/24/20,612.34
12/23/20,585.69
12/22/20,637.47
12/21/20,607.85
12/20/20,638.26
12/19/20,658.17
12/18/20,653.85
12/17/20,643.17
12/16/20,637.38
12/15/20,588.91
12/14/20,586.19
12/13/20,591.09
12/12/20,567.78
12/11/20,544.17
12/10/20,558.13
12/9/20,573.21
12/8/20,555.05
12/7/20,591.09
12/6/20,601.68
12/5/20,596.68
12/4/20,567.91
12/3/20,616.32
12/2/20,598.05
12/1/20,585.66
11/30/20,615.92
11/29/20,575.45
11/28/20,537.74
11/27/20,518.11
11/26/20,519.32
11/25/20,569.67
11/24/20,605.03
11/23/20,609.22
11/22/20,559.4
11/21/20,551.91
11/20/20,509.98
11/19/20,471.21
11/18/20,478.52
11/17/20,481.95
11/16/20,460.43
11/15/20,448.23
11/14/20,460.7
11/13/20,476.29
11/12/20,462.56
11/11/20,463.33
11/10/20,450.22
11/9/20,444.33
11/8/20,454.68
11/7/20,435.4
11/6/20,455.72
11/5/20,416.63
11/4/20,402.19
11/3/20,387.92
11/2/20,383.53
11/1/20,396.29
10/31/20,386.42
10/30/20,382.41
10/29/20,386.76
10/28/20,388.14
10/27/20,403.15
10/26/20,394.11
10/25/20,406.09
10/24/20,411.92
10/23/20,408.52
10/22/20,414.05
10/21/20,391.2
10/20/20,368.35
10/19/20,379.19
10/18/20,377.81
10/17/20,368.63
10/16/20,365.17
10/15/20,377.45
10/14/20,379.15
10/13/20,381.23
10/12/20,386.68
10/11/20,374.19
10/10/20,370.16
10/9/20,365.28
10/8/20,350.83
10/7/20,341.48
10/6/20,340.61
10/5/20,353.28
10/4/20,352.73
10/3/20,345.6
10/2/20,345.68
10/1/20,353.07
9/30/20,359.39
9/29/20,359.86
9/28/20,354.08
9/27/20,357.23
9/26/20,354.25
9/25/20,351.63
9/24/20,349.17
9/23/20,319.95
9/22/20,344.03
9/21/20,341.3
9/20/20,371.12
9/19/20,385.25
9/18/20,384.2
9/17/20,388.97
9/16/20,364.88
9/15/20,364.01
9/14/20,376.7
9/13/20,365.71
9/12/20,387.98
9/11/20,373.72
9/10/20,367.92
9/9/20,351.1
9/8/20,337.46
9/7/20,352.06
9/6/20,353.49
9/5/20,334.91
9/4/20,385.94
9/3/20,381.97
9/2/20,439.08
9/1/20,475.8
8/31/20,433.9
8/30/20,428.86
8/29/20,398.8
8/28/20,395.11
8/27/20,383.11
8/26/20,385.96
8/25/20,383.2
8/24/20,407.7
8/23/20,390.5
8/22/20,395.56
8/21/20,387.99
8/20/20,416.05
8/19/20,407.44
8/18/20,422.16
8/17/20,430.56
8/16/20,433.63
8/15/20,432.18
8/14/20,438.03
8/13/20,424.31
8/12/20,387.12
8/11/20,379.01
8/10/20,395.53
8/9/20,390.23
8/8/20,396.76
8/7/20,379.57
8/6/20,394.83
8/5/20,400.79
8/4/20,389.62
8/3/20,385.8
8/2/20,372.08
8/1/20,387.14
7/31/20,346.51
7/30/20,334.87
7/29/20,317.82
7/28/20,316.96
7/27/20,321.8
7/26/20,311.13
7/25/20,305.32
7/24/20,279.33
7/23/20,275.34
7/22/20,263.28
7/21/20,245.53
7/20/20,236.1
7/19/20,239.01
7/18/20,235.75
7/17/20,232.75
7/16/20,233.65
7/15/20,238.62
7/14/20,240.5
7/13/20,239.73
7/12/20,242.75
7/11/20,239.2
7/10/20,241.26
7/9/20,242.02
7/8/20,246.99
7/7/20,239.25
7/6/20,241.56
7/5/20,227.98
7/4/20,229.15
7/3/20,225.12
7/2/20,226.42
7/1/20,230.95
6/30/20,225.63
6/29/20,227.87
6/28/20,225.09
6/27/20,221.06
6/26/20,229.67
6/25/20,232.56
6/24/20,234.75
6/23/20,243.2
6/22/20,243.25
6/21/20,228.13
6/20/20,228.86
6/19/20,229.11
6/18/20,231.34
6/17/20,233.88
6/16/20,235.36
6/15/20,230.93
6/14/20,232.02
6/13/20,238.22
6/12/20,237.54
6/11/20,230.71
6/10/20,247.78
6/9/20,243.82
6/8/20,246.18
6/7/20,244.56
6/6/20,242
6/5/20,240.23
6/4/20,243.37
6/3/20,244.52
6/2/20,237.94
6/1/20,247.97
5/31/20,231.81
5/30/20,243.63
5/29/20,220.66
5/28/20,220.18
5/27/20,208.18
5/26/20,201
5/25/20,204.13
5/24/20,199.97
5/23/20,206.62
5/22/20,207.35
5/21/20,198.75
5/20/20,209.99
5/19/20,214.51
5/18/20,214.87
5/17/20,207
5/16/20,200.51
5/15/20,194.85
5/14/20,203.3
5/13/20,199.58
5/12/20,189.84
5/11/20,185.96
5/10/20,187.78
5/9/20,210.22
5/8/20,211.45
5/7/20,212
5/6/20,199.04
5/5/20,205.36
5/4/20,206.61
5/3/20,209.83
5/2/20,213.96
5/1/20,212
4/30/20,206.22
4/29/20,215.4
4/28/20,196.55
4/27/20,196.14
4/26/20,197.35
4/25/20,194.01
4/24/20,187.58
4/23/20,185.46
4/22/20,182.72
4/21/20,170.79
4/20/20,170.4
4/19/20,180.13
4/18/20,187.45
4/17/20,170.63
4/16/20,172.31
4/15/20,152.9
4/14/20,158.45
4/13/20,156.38
4/12/20,158.73
4/11/20,158.18
4/10/20,157.86
4/9/20,169.68
4/8/20,173
4/7/20,164.71
4/6/20,171.06
4/5/20,142.58
4/4/20,144.01
4/3/20,141.14
4/2/20,141.3
4/1/20,135.66
3/31/20,132.86
3/30/20,132.15
3/29/20,125.24
3/28/20,131.03
3/27/20,131.74
3/26/20,138.38
3/25/20,136.07
3/24/20,138.62
3/23/20,136.02
3/22/20,122.41
3/21/20,132.58
3/20/20,133.32
3/19/20,135.43
3/18/20,117.77
3/17/20,116.06
3/16/20,111.02
3/15/20,124.35
3/14/20,122.69
3/13/20,133.99
3/12/20,107.9
3/11/20,194.58
3/10/20,200.56
3/9/20,202.85
3/8/20,199.16
3/7/20,237.32
3/6/20,244.9
3/5/20,228.45
3/4/20,224.38
3/3/20,223.94
3/2/20,231.87
3/1/20,217.99
2/29/20,217.52
2/28/20,226.93
2/27/20,227.53
2/26/20,224.3
2/25/20,246.96
2/24/20,265.65
2/23/20,274.72
2/22/20,261.64
2/21/20,265.11
2/20/20,257.39
2/19/20,259.12
2/18/20,282.26
2/17/20,267.63
2/16/20,259.99
2/15/20,264.87
2/14/20,285.25
2/13/20,268.75
2/12/20,265.58
2/11/20,236.76
2/10/20,222.95
2/9/20,228.59
2/8/20,223.23
2/7/20,223.51
2/6/20,213.16
2/5/20,203.83
2/4/20,188.93
2/3/20,189.79
2/2/20,188.5
2/1/20,183.64
1/31/20,179.91
1/30/20,184.59
1/29/20,173.86
1/28/20,175.74
1/27/20,170.27
1/26/20,167.9
1/25/20,160.44
1/24/20,162.55
1/23/20,162.8
1/22/20,168.13
1/21/20,169.41
1/20/20,166.87
1/19/20,166.92
1/18/20,174.19
1/17/20,170.22
1/16/20,164.36
1/15/20,166.45
1/14/20,166.07
1/13/20,143.6
1/12/20,146.46
1/11/20,142.67
1/10/20,144.81
1/9/20,137.92
1/8/20,140.81
1/7/20,143.04
1/6/20,144.08
1/5/20,135.59
1/4/20,134.33
1/3/20,134.27
1/2/20,127.19
1/1/20,130.75
12/31/19,129.21
12/30/19,131.83
12/29/19,134.4
12/28/19,128.35
12/27/19,126.41
12/26/19,125.93
12/25/19,125.24
12/24/19,128.05
12/23/19,128.08
12/22/19,132.19
12/21/19,127.61
12/20/19,128.7
12/19/19,128.42
12/18/19,132.92
12/17/19,122.06
12/16/19,132.78
12/15/19,142.53
12/14/19,142.03
12/13/19,144.96
12/12/19,145.03
12/11/19,143.51
12/10/19,145.86
12/9/19,147.88
12/8/19,151.17
12/7/19,148.28
12/6/19,148.89
12/5/19,148.69
12/4/19,145.79
12/3/19,147.82
12/2/19,148.89
12/1/19,151.04
11/30/19,151.95
11/29/19,154.55
11/28/19,151.07
11/27/19,152.7
11/26/19,147.61
11/25/19,145.9
11/24/19,140.66
11/23/19,152.46
11/22/19,149.8
11/21/19,161.46
11/20/19,174.96
11/19/19,176.09
11/18/19,178.5
11/17/19,184.18
11/16/19,182.42
11/15/19,180.19
11/14/19,185.25
11/13/19,188.36
11/12/19,186.99
11/11/19,185.09
11/10/19,188.99
11/9/19,184.96
11/8/19,184.03
11/7/19,186.94
11/6/19,191.28
11/5/19,188.67
11/4/19,185.85
11/3/19,181.7
11/2/19,183.01
11/1/19,183.12
10/31/19,182.37
10/30/19,183.25
10/29/19,190.45
10/28/19,181.67
10/27/19,184.05
10/26/19,179.62
10/25/19,181.49
10/24/19,160.73
10/23/19,162.28
10/22/19,171.42
10/21/19,174.18
10/20/19,175.14
10/19/19,171.91
10/18/19,172.81
10/17/19,177.31
10/16/19,174.53
10/15/19,180.59
10/14/19,186.63
10/13/19,181.11
10/12/19,179.87
10/11/19,180.6
10/10/19,191.1
10/9/19,192.64
10/8/19,180.78
10/7/19,179.87
10/6/19,170.55
10/5/19,176.43
10/4/19,175.65
10/3/19,174.54
10/2/19,180.27
10/1/19,175.78
9/30/19,180.35
9/29/19,169.29
9/28/19,173.62
9/27/19,173.19
9/26/19,164.56
9/25/19,168.92
9/24/19,166.29
9/23/19,201.18
9/22/19,211.13
9/21/19,215.22
9/20/19,218
9/19/19,220.21
9/18/19,210.43
9/17/19,207.77
9/16/19,197.32
9/15/19,189.1
9/14/19,188.16
9/13/19,181.11
9/12/19,180.87
9/11/19,178.47
9/10/19,180.05
9/9/19,180.65
9/8/19,181.44
9/7/19,177.74
9/6/19,169.15
9/5/19,173.83
9/4/19,174.79
9/3/19,178.81
9/2/19,178.11
9/1/19,169.72
8/31/19,171.62
8/30/19,168.16
8/29/19,168.66
8/28/19,172.85
8/27/19,186.58
8/26/19,188.34
8/25/19,186.3
8/24/19,190.15
8/23/19,193.43
8/22/19,190.29
8/21/19,187.24
8/20/19,196.14
8/19/19,201.64
8/18/19,193.68
8/17/19,184.81
8/16/19,184.55
8/15/19,187.8
8/14/19,186.56
8/13/19,207.68
8/12/19,210.45
8/11/19,215.83
8/10/19,205.93
8/9/19,209.49
8/8/19,220.16
8/7/19,224.66
8/6/19,225.63
8/5/19,232.45
8/4/19,220.72
8/3/19,220.89
8/2/19,216.54
8/1/19,216.37
7/31/19,217.23
7/30/19,208.49
7/29/19,209.82
7/28/19,210.37
7/27/19,206.62
7/26/19,217.83
7/25/19,217.65
7/24/19,215.44
7/23/19,211.87
7/22/19,217.27
7/21/19,225.01
7/20/19,227.86
7/19/19,220.09
7/18/19,225.23
7/17/19,210.95
7/16/19,198.87
7/15/19,228.49
7/14/19,226.62
7/13/19,269.16
7/12/19,274.68
7/11/19,268.72
7/10/19,289.1
7/9/19,307.41
7/8/19,312.23
7/7/19,304.88
7/6/19,288.08
7/5/19,287.15
7/4/19,283.43
7/3/19,300.58
7/2/19,291.41
7/1/19,294.83
6/30/19,292.21
6/29/19,318.48
6/28/19,310.56
6/27/19,297.55
6/26/19,338.54
6/25/19,317.65
6/24/19,311.46
6/23/19,308.53
6/22/19,310.38
6/21/19,294.72
6/20/19,271.43
6/19/19,268.26
6/18/19,264.59
6/17/19,273
6/16/19,267.98
6/15/19,267.75
6/14/19,262.53
6/13/19,254.86
6/12/19,261.54
6/11/19,244.41
6/10/19,246.86
6/9/19,231.27
6/8/19,243.42
6/7/19,248.98
6/6/19,248.54
6/5/19,245.83
6/4/19,241.26
6/3/19,250.37
6/2/19,269.01
6/1/19,264.31
5/31/19,267.99
5/30/19,254.52
5/29/19,268.61
5/28/19,271.18
5/27/19,270.98
5/26/19,264.68
5/25/19,250.68
5/24/19,249.17
5/23/19,244.68
5/22/19,244.34
5/21/19,253.76
5/20/19,250.72
5/19/19,259.63
5/18/19,233.89
5/17/19,244.45
5/16/19,264.69
5/15/19,248.15
5/14/19,217.42
5/13/19,196.02
5/12/19,188.07
5/11/19,192.27
5/10/19,172.77
5/9/19,170.84
5/8/19,170.77
5/7/19,169.34
5/6/19,173
5/5/19,163.03
5/4/19,163.68
5/3/19,167.86
5/2/19,161.66
5/1/19,160.38
4/30/19,161.8
4/29/19,154.93
4/28/19,158.27
4/27/19,159.41
4/26/19,157.97
4/25/19,155.18
4/24/19,165.22
4/23/19,169.95
4/22/19,170.87
4/21/19,168.52
4/20/19,172.73
4/19/19,172.79
4/18/19,173.33
4/17/19,165.9
4/16/19,165.65
4/15/19,160.17
4/14/19,167.29
4/13/19,163.19
4/12/19,163.47
4/11/19,164.36
4/10/19,177.37
4/9/19,175.09
4/8/19,179.16
4/7/19,174.33
4/6/19,165.55
4/5/19,164.93
4/4/19,157.43
4/3/19,160.34
4/2/19,163.47
4/1/19,141.5
3/31/19,141.79
3/30/19,142.65
3/29/19,143.38
3/28/19,138.15
3/27/19,139.65
3/26/19,134.37
3/25/19,134.25
3/24/19,136.44
3/23/19,137.53
3/22/19,136.42
3/21/19,135.11
3/20/19,139.31
3/19/19,138.72
3/18/19,137.92
3/17/19,138.91
3/16/19,141.15
3/15/19,136.75
3/14/19,132.45
3/13/19,131.97
3/12/19,133.8
3/11/19,132.99
3/10/19,135.72
3/9/19,137.52
3/8/19,133.85
3/7/19,136.93
3/6/19,137.62
3/5/19,136.82
3/4/19,125.97
3/3/19,131.01
3/2/19,132.76
3/1/19,135.72
2/28/19,135.47
2/27/19,135.2
2/26/19,136.67
2/25/19,138.27
2/24/19,132.93
2/23/19,158.3
2/22/19,147.97
2/21/19,145.78
2/20/19,149.11
2/19/19,144.01
2/18/19,145.8
2/17/19,133.79
2/16/19,122.87
2/15/19,121.73
2/14/19,120.97
2/13/19,122.22
2/12/19,122.64
2/11/19,121.3
2/10/19,124.92
2/9/19,119.44
2/8/19,119.23
2/7/19,104.55
2/6/19,104.63
2/5/19,107.37
2/4/19,107.9
2/3/19,107.62
2/2/19,110.68
2/1/19,106.98
1/31/19,106.71
1/30/19,108.52
1/29/19,104.79
1/28/19,105.82
1/27/19,112.5
1/26/19,115.83
1/25/19,115.5
1/24/19,116.71
1/23/19,116.84
1/22/19,118.23
1/21/19,116.05
1/20/19,117.52
1/19/19,123.02
1/18/19,119.34
1/17/19,122.03
1/16/19,121.72
1/15/19,119.62
1/14/19,127.53
1/13/19,114.64
1/12/19,123.75
1/11/19,125.15
1/10/19,125.63
1/9/19,148.79
1/8/19,148.41
1/7/19,149.96
1/6/19,154.96
1/5/19,153.49
1/4/19,152.86
1/3/19,146.94
1/2/19,152.95
1/1/19,139.61
12/31/18,131.9
12/30/18,138.45
12/29/18,133.67
12/28/18,136.61
12/27/18,114.56
12/26/18,130.06
12/25/18,128.39
12/24/18,139.23
12/23/18,129.6
12/22/18,115.84
12/21/18,108.18
12/20/18,114.61
12/19/18,99.37
12/18/18,100.66
12/17/18,94.37
12/16/18,84.72
12/15/18,83.9
12/14/18,83.81
12/13/18,86.31
12/12/18,89.62
12/11/18,88.32
12/10/18,90.17
12/9/18,93.62
12/8/18,90.57
12/7/18,93.27
12/6/18,90.86
12/5/18,102.33
12/4/18,110.09
12/3/18,108.66
12/2/18,116.41
12/1/18,118.23
11/30/18,113.77
11/29/18,117.85
11/28/18,122.74
11/27/18,111.18
11/26/18,110.08
11/25/18,118.04
11/24/18,114.43
11/23/18,124.64
11/22/18,126.12
11/21/18,137.72
11/20/18,132.92
11/19/18,150.12
11/18/18,178.65
11/17/18,176.53
11/16/18,177.01
11/15/18,184.1
11/14/18,187.46
11/13/18,210.44
11/12/18,212.79
11/11/18,213.18
11/10/18,213.21
11/9/18,211.39
11/8/18,212.87
11/7/18,218.8
11/6/18,220.22
11/5/18,210.67
11/4/18,211.86
11/3/18,200.23
11/2/18,202.66
11/1/18,198.17
10/31/18,198.59
10/30/18,197.39
10/29/18,197.05
10/28/18,204.99
10/27/18,204.36
10/26/18,204.58
10/25/18,204.11
10/24/18,205.12
10/23/18,205.68
10/22/18,206.77
10/21/18,207.37
10/20/18,208.04
10/19/18,204.97
10/18/18,206.58
10/17/18,213.46
10/16/18,215.06
10/15/18,214.26
10/14/18,197.08
10/13/18,201.22
10/12/18,196.7
10/11/18,190.89
10/10/18,226.3
10/9/18,228.25
10/8/18,229.84
10/7/18,226.11
10/6/18,225.18
10/5/18,228.34
10/4/18,222.57
10/3/18,220.51
10/2/18,225.84
10/1/18,231.77
9/30/18,232.8
9/29/18,231.87
9/28/18,221.77
9/27/18,229.15
9/26/18,214.35
9/25/18,219.04
9/24/18,228.01
9/23/18,244.67
9/22/18,240.82
9/21/18,247.92
9/20/18,224.42
9/19/18,209.74
9/18/18,209.03
9/17/18,196.24
9/16/18,220.2
9/15/18,221.94
9/14/18,209.98
9/13/18,211
9/12/18,182.98
9/11/18,185.07
9/10/18,197.04
9/9/18,195.8
9/8/18,196.79
9/7/18,215.6
9/6/18,229.6
9/5/18,228.77
9/4/18,285.17
9/3/18,288.92
9/2/18,295.05
9/1/18,295.31
8/31/18,281.94
8/30/18,283.97
8/29/18,288.42
8/28/18,295.62
8/27/18,286.57
8/26/18,274.46
8/25/18,277.61
8/24/18,281.29
8/23/18,276.12
8/22/18,269.84
8/21/18,280.9
8/20/18,271.08
8/19/18,299.33
8/18/18,293.89
8/17/18,316.9
8/16/18,286.76
8/15/18,281.12
8/14/18,278.19
8/13/18,284.01
8/12/18,318.18
8/11/18,317.59
8/10/18,331.81
8/9/18,363.34
8/8/18,355.44
8/7/18,378.25
8/6/18,405.4
8/5/18,408.85
8/4/18,407.09
8/3/18,417.58
8/2/18,411
8/1/18,420.3
7/31/18,431.5
7/30/18,456.64
7/29/18,466.41
7/28/18,468.78
7/27/18,470.23
7/26/18,462.75
7/25/18,472.03
7/24/18,479.88
7/23/18,450.56
7/22/18,459.02
7/21/18,461.52
7/20/18,449.38
7/19/18,469.47
7/18/18,480
7/17/18,499.87
7/16/18,479.79
7/15/18,450.81
7/14/18,434.09
7/13/18,432.85
7/12/18,430.84
7/11/18,445.99
7/10/18,432.67
7/9/18,471.52
7/8/18,486.45
7/7/18,485.4
7/6/18,469.9
7/5/18,468.47
7/4/18,467.52
7/3/18,461.89
7/2/18,475.7
7/1/18,452.57
6/30/18,452.67
6/29/18,435.37
6/28/18,421.27
6/27/18,442.16
6/26/18,430.33
6/25/18,458.76
6/24/18,454.81
6/23/18,474.14
6/22/18,462.57
6/21/18,526.01
6/20/18,536.31
6/19/18,538.22
6/18/18,517.91
6/17/18,496.43
6/16/18,496.93
6/15/18,487.88
6/14/18,519.49
6/13/18,476.17
6/12/18,494.48
6/11/18,531.42
6/10/18,524.64
6/9/18,593.8
6/8/18,599.67
6/7/18,604.71
6/6/18,606.39
6/5/18,608.83
6/4/18,591.44
6/3/18,619.08
6/2/18,591.3
6/1/18,579.3
5/31/18,577.87
5/30/18,557.98
5/29/18,566.81
5/28/18,512.29
5/27/18,570.69
5/26/18,586.76
5/25/18,585.39
5/24/18,602.43
5/23/18,577.55
5/22/18,642.17
5/21/18,696.85
5/20/18,716.02
5/19/18,696.76
5/18/18,693.28
5/17/18,668.97
5/16/18,706.53
5/15/18,705.73
5/14/18,727.06
5/13/18,729.37
5/12/18,683.94
5/11/18,676.21
5/10/18,724.4
5/9/18,751.62
5/8/18,748.48
5/7/18,754.03
5/6/18,793.19
5/5/18,818.33
5/4/18,785.2
5/3/18,778.95
5/2/18,688.15
5/1/18,671.26
4/30/18,670.07
4/29/18,689.9
4/28/18,683.49
4/27/18,643.97
4/26/18,662.36
4/25/18,617.36
4/24/18,703.02
4/23/18,644.13
4/22/18,622.23
4/21/18,605.59
4/20/18,617.04
4/19/18,567.49
4/18/18,525.66
4/17/18,503.19
4/16/18,511.82
4/15/18,533.9
4/14/18,502.52
4/13/18,493.48
4/12/18,494.03
4/11/18,430.14
4/10/18,415.45
4/9/18,399.05
4/8/18,400.71
4/7/18,384.87
4/6/18,369.97
4/5/18,381.52
4/4/18,378.68
4/3/18,415.55
4/2/18,385.07
4/1/18,378.75
3/31/18,393.96
3/30/18,393.79
3/29/18,384.12
3/28/18,446.84
3/27/18,448.48
3/26/18,485.98
3/25/18,523.5
3/24/18,520.45
3/23/18,543.42
3/22/18,539.87
3/21/18,560.24
3/20/18,557.08
3/19/18,556.16
3/18/18,536.72
3/17/18,550.27
3/16/18,600.79
3/15/18,610.13
3/14/18,612.09
3/13/18,689.57
3/12/18,697.04
3/11/18,720.12
3/10/18,682.52
3/9/18,725.89
3/8/18,698.96
3/7/18,749.98
3/6/18,814.88
3/5/18,850.24
3/4/18,865.53
3/3/18,855.91
3/2/18,856.09
3/1/18,870.04
2/28/18,852.49
2/27/18,871.44
2/26/18,866.99
2/25/18,840.88
2/24/18,834.36
2/23/18,856.65
2/22/18,803.66
2/21/18,839.1
2/20/18,884.51
2/19/18,940.08
2/18/18,913.1
2/17/18,971.54
2/16/18,937.5
2/15/18,927.56
2/14/18,919.67
2/13/18,841.38
2/12/18,865.62
2/11/18,810.45
2/10/18,851.39
2/9/18,877.85
2/8/18,805.4
2/7/18,753.18
2/6/18,783.83
2/5/18,696.86
2/4/18,829.43
2/3/18,971.49
2/2/18,920.85
2/1/18,"1,033.55"
1/31/18,"1,118.08"
1/30/18,"1,071.90"
1/29/18,"1,175.00"
1/28/18,"1,246.60"
1/27/18,"1,114.80"
1/26/18,"1,047.00"
1/25/18,"1,048.20"
1/24/18,"1,063.20"
1/23/18,982.98
1/22/18,995.08
1/21/18,"1,047.00"
1/20/18,"1,146.00"
1/19/18,"1,032.60"
1/18/18,994.81
1/17/18,"1,017.50"
1/16/18,"1,020.10"
1/15/18,"1,273.40"
1/14/18,"1,350.00"
1/13/18,"1,380.00"
1/12/18,"1,257.20"
1/11/18,"1,135.50"
1/10/18,"1,248.00"
1/9/18,"1,283.70"
1/8/18,"1,129.30"
1/7/18,"1,115.80"
1/6/18,"1,004.30"
1/5/18,962.77
1/4/18,940
1/3/18,942.01
1/2/18,858.78
1/1/18,752.46
12/31/17,736.77
12/30/17,682.22
12/29/17,731.52
12/28/17,711.42
12/27/17,736.45
12/26/17,749.8
12/25/17,709.81
12/24/17,659.89
12/23/17,672.59
12/22/17,628.19
12/21/17,786.97
12/20/17,794.99
12/19/17,799.98
12/18/17,783.99
12/17/17,708.78
12/16/17,683.25
12/15/17,678.29
12/14/17,686.51
12/13/17,690.69
12/12/17,634.87
12/11/17,515.25
12/10/17,429.24
12/9/17,460.92
12/8/17,442.19
12/7/17,415.02
12/6/17,413.71
12/5/17,451.87
12/4/17,465
12/3/17,459.49
12/2/17,455.51
12/1/17,460.67
11/30/17,432.21
11/29/17,420.34
11/28/17,465.56
11/27/17,473.44
11/26/17,464
11/25/17,464
11/24/17,470.51
11/23/17,405.19
11/22/17,380.48
11/21/17,360
11/20/17,367.94
11/19/17,354.7
11/18/17,346.68
11/17/17,331
11/16/17,330.76
11/15/17,330.59
11/14/17,334.28
11/13/17,313.22
11/12/17,303.9
11/11/17,313.07
11/10/17,296.18
11/9/17,319.52
11/8/17,307.5
11/7/17,291.42
11/6/17,296.9
11/5/17,295.63
11/4/17,299.48
11/3/17,303.47
11/2/17,284.89
11/1/17,288.6
10/31/17,303.69
10/30/17,307
10/29/17,304.39
10/28/17,293.49
10/27/17,295.99
10/26/17,295.1
10/25/17,295.46
10/24/17,296.3
10/23/17,284.85
10/22/17,293.55
10/21/17,299.23
10/20/17,302.61
10/19/17,306.97
10/18/17,313.45
10/17/17,315.65
10/16/17,334.46
10/15/17,337.23
10/14/17,339.24
10/13/17,337.46
10/12/17,303.06
10/11/17,303.2
10/10/17,299.32
10/9/17,297.4
10/8/17,309.82
10/7/17,311.46
10/6/17,308.43
10/5/17,295.12
10/4/17,291.4
10/3/17,291.69
10/2/17,296.82
10/1/17,304.26
9/30/17,303.44
9/29/17,292.66
9/28/17,302.63
9/27/17,309.75
9/26/17,289.28
9/25/17,295.2
9/24/17,282
9/23/17,285.9
9/22/17,262.19
9/21/17,256.67
9/20/17,283.5
9/19/17,282.63
9/18/17,296.81
9/17/17,257
9/16/17,253
9/15/17,258.68
9/14/17,222.5
9/13/17,275.48
9/12/17,293.9
9/11/17,297.19
9/10/17,297.9
9/9/17,303.08
9/8/17,304
9/7/17,334.1
9/6/17,337.36
9/5/17,316.18
9/4/17,295.81
9/3/17,350.63
9/2/17,345
9/1/17,390.35
8/31/17,387.3
8/30/17,382.78
8/29/17,372
8/28/17,347.09
8/27/17,348.01
8/26/17,332.72
8/25/17,328.7
8/24/17,325.62
8/23/17,316.5
8/22/17,312.54
8/21/17,322.24
8/20/17,298.37
8/19/17,292.78
8/18/17,292
8/17/17,299
8/16/17,301.34
8/15/17,286
8/14/17,298.22
8/13/17,296.64
8/12/17,307.22
8/11/17,308.81
8/10/17,295.97
8/9/17,293.99
8/8/17,295.83
8/7/17,269.51
8/6/17,264.29
8/5/17,253.87
8/4/17,220.73
8/3/17,224.79
8/2/17,218
8/1/17,225.97
7/31/17,200.81
7/30/17,195.31
7/29/17,206.76
7/28/17,191.2
7/27/17,202.54
7/26/17,203.33
7/25/17,202.7
7/24/17,226.59
7/23/17,228.15
7/22/17,232.01
7/21/17,216.11
7/20/17,227.29
7/19/17,194.63
7/18/17,226.56
7/17/17,190.16
7/16/17,157.4
7/15/17,170.15
7/14/17,196.49
7/13/17,205
7/12/17,223.92
7/11/17,188.63
7/10/17,202
7/9/17,234.97
7/8/17,245.23
7/7/17,238.38
7/6/17,265.35
7/5/17,264.77
7/4/17,266.68
7/3/17,273.99
7/2/17,277.64
7/1/17,255
6/30/17,275.62
6/29/17,285.3
6/28/17,311.62
6/27/17,279
6/26/17,251.3
6/25/17,277
6/24/17,296.89
6/23/17,324.37
6/22/17,320.94
6/21/17,321.66
6/20/17,344.15
6/19/17,355.5
6/18/17,348.88
6/17/17,364.56
6/16/17,348.44
6/15/17,338.7
6/14/17,335.95
6/13/17,382.7
6/12/17,386.9
6/11/17,336.33
6/10/17,325.88
6/9/17,278.41
6/8/17,256.95
6/7/17,250.7
6/6/17,261.89
6/5/17,242.16
6/4/17,241.06
6/3/17,217.01
6/2/17,214.77
6/1/17,211.4
5/31/17,218.34
5/30/17,224.69
5/29/17,189.99
5/28/17,161.91
5/27/17,149.99
5/26/17,152.8
5/25/17,168.71
5/24/17,183.88
5/23/17,168.24
5/22/17,154.92
5/21/17,146.14
5/20/17,123.03
5/19/17,124.4
5/18/17,98.6
5/17/17,89.67
5/16/17,88.17
5/15/17,92.56
5/14/17,90.37
5/13/17,89.9
5/12/17,86.99
5/11/17,89.38
5/10/17,88.33
5/9/17,88.94
5/8/17,88.97
5/7/17,94.21
5/6/17,96.65
5/5/17,91.5
5/4/17,99.2
5/3/17,85.79
5/2/17,82.01
5/1/17,81.4
4/30/17,83.51
4/29/17,73.55
4/28/17,76
4/27/17,68
4/26/17,57.31
4/25/17,53.9
4/24/17,53.54
4/23/17,53.33
4/22/17,52.15
4/21/17,51.37
4/20/17,51.96
4/19/17,49.66
4/18/17,52.42
4/17/17,49.52
4/16/17,49.58
4/15/17,49.71
4/14/17,48.5
4/13/17,50.65
4/12/17,46.85
4/11/17,44.21
4/10/17,44.17
4/9/17,43.94
4/8/17,44.51
4/7/17,42.25
4/6/17,43.11
4/5/17,45.35
4/4/17,44.41
4/3/17,44.28
4/2/17,48.6
4/1/17,50.59
3/31/17,49.72
3/30/17,51.62
3/29/17,52.88
3/28/17,50.16
3/27/17,48.93
3/26/17,50.46
3/25/17,50.75
3/24/17,54.01
3/23/17,43.14
3/22/17,41.46
3/21/17,42.45
3/20/17,42.06
3/19/17,43.17
3/18/17,34.2
3/17/17,44.65
3/16/17,45.07
3/15/17,34.8
3/14/17,28.66
3/13/17,28.4
3/12/17,23.2
3/11/17,21.3
3/10/17,19.18
3/9/17,17.75
3/8/17,16.51
3/7/17,18.88
3/6/17,19.51
3/5/17,19.35
3/4/17,18.5
3/3/17,19.49
3/2/17,19.02
3/1/17,17.43
2/28/17,15.86
2/27/17,15.5
2/26/17,14.57
2/25/17,13.55
2/24/17,13.11
2/23/17,13.27
2/22/17,12.68
2/21/17,12.82
2/20/17,12.4
2/19/17,12.8
2/18/17,12.79
2/17/17,12.76
2/16/17,12.92
2/15/17,12.92
2/14/17,12.96
2/13/17,11.35
2/12/17,11.26
2/11/17,11.33
2/10/17,11.3
2/9/17,10.9
2/8/17,11.35
2/7/17,11.41
2/6/17,11.32
2/5/17,11.18
2/4/17,11.32
2/3/17,10.93
2/2/17,10.8
2/1/17,10.71
1/31/17,10.71
1/30/17,10.53
1/29/17,10.46
1/28/17,10.51
1/27/17,10.5
1/26/17,10.63
1/25/17,10.48
1/24/17,10.5
1/23/17,10.77
1/22/17,10.64
1/21/17,10.95
1/20/17,10.62
1/19/17,10.38
1/18/17,10.19
1/17/17,10.12
1/16/17,9.61
1/15/17,9.81
1/14/17,9.67
1/13/17,9.67
1/12/17,9.83
1/11/17,9.79
1/10/17,10.61
1/9/17,10.26
1/8/17,10.28
1/7/17,9.84
1/6/17,10.08
1/5/17,10.15
1/4/17,11
1/3/17,9.74
1/2/17,8.37
1/1/17,8.2