Date,Spy_Price
7/30/25,"6,350.72"
7/29/25,"6,370.86"
7/28/25,"6,389.77"
7/25/25,"6,388.64"
7/24/25,"6,363.35"
7/23/25,"6,358.91"
7/22/25,"6,309.62"
7/21/25,"6,305.60"
7/18/25,"6,296.79"
7/17/25,"6,297.36"
7/16/25,"6,263.70"
7/15/25,"6,243.76"
7/14/25,"6,268.56"
7/11/25,"6,259.75"
7/10/25,"6,280.46"
7/9/25,"6,263.26"
7/8/25,"6,225.52"
7/7/25,"6,229.98"
7/3/25,"6,279.35"
7/2/25,"6,227.42"
7/1/25,"6,198.01"
6/30/25,"6,204.95"
6/27/25,"6,173.07"
6/26/25,"6,141.02"
6/25/25,"6,092.16"
6/24/25,"6,092.18"
6/23/25,"6,025.17"
6/20/25,"5,967.84"
6/18/25,"5,980.87"
6/17/25,"5,982.72"
6/16/25,"6,033.11"
6/13/25,"5,976.97"
6/12/25,"6,045.26"
6/11/25,"6,022.24"
6/10/25,"6,038.81"
6/9/25,"6,005.88"
6/6/25,"6,000.36"
6/5/25,"5,939.30"
6/4/25,"5,970.81"
6/3/25,"5,970.37"
6/2/25,"5,935.94"
5/30/25,"5,911.69"
5/29/25,"5,912.17"
5/28/25,"5,888.55"
5/27/25,"5,921.54"
5/23/25,"5,802.82"
5/22/25,"5,842.01"
5/21/25,"5,844.61"
5/20/25,"5,940.46"
5/19/25,"5,963.60"
5/16/25,"5,958.38"
5/15/25,"5,916.93"
5/14/25,"5,892.58"
5/13/25,"5,886.55"
5/12/25,"5,844.19"
5/9/25,"5,659.91"
5/8/25,"5,663.94"
5/7/25,"5,631.28"
5/6/25,"5,606.91"
5/5/25,"5,650.38"
5/2/25,"5,686.67"
5/1/25,"5,604.14"
4/30/25,"5,569.06"
4/29/25,"5,560.83"
4/28/25,"5,528.75"
4/25/25,"5,525.21"
4/24/25,"5,484.77"
4/23/25,"5,375.86"
4/22/25,"5,287.76"
4/21/25,"5,158.20"
4/17/25,"5,282.70"
4/16/25,"5,275.70"
4/15/25,"5,396.63"
4/14/25,"5,405.97"
4/11/25,"5,363.36"
4/10/25,"5,268.05"
4/9/25,"5,456.90"
4/8/25,"4,982.77"
4/7/25,"5,062.25"
4/4/25,"5,074.08"
4/3/25,"5,396.52"
4/2/25,"5,670.97"
4/1/25,"5,633.07"
3/31/25,"5,611.85"
3/28/25,"5,580.94"
3/27/25,"5,693.31"
3/26/25,"5,712.20"
3/25/25,"5,776.65"
3/24/25,"5,767.57"
3/21/25,"5,667.56"
3/20/25,"5,662.89"
3/19/25,"5,675.29"
3/18/25,"5,614.66"
3/17/25,"5,675.12"
3/14/25,"5,638.94"
3/13/25,"5,521.52"
3/12/25,"5,599.30"
3/11/25,"5,572.07"
3/10/25,"5,614.56"
3/7/25,"5,770.20"
3/6/25,"5,738.52"
3/5/25,"5,842.63"
3/4/25,"5,778.15"
3/3/25,"5,849.72"
2/28/25,"5,954.50"
2/27/25,"5,861.57"
2/26/25,"5,956.06"
2/25/25,"5,955.25"
2/24/25,"5,983.25"
2/21/25,"6,013.13"
2/20/25,"6,117.52"
2/19/25,"6,144.15"
2/18/25,"6,129.58"
2/14/25,"6,114.63"
2/13/25,"6,115.07"
2/12/25,"6,051.97"
2/11/25,"6,068.50"
2/10/25,"6,066.44"
2/7/25,"6,025.99"
2/6/25,"6,083.57"
2/5/25,"6,061.48"
2/4/25,"6,037.88"
2/3/25,"5,994.57"
1/31/25,"6,040.53"
1/30/25,"6,071.17"
1/29/25,"6,039.31"
1/28/25,"6,067.70"
1/27/25,"6,012.28"
1/24/25,"6,101.24"
1/23/25,"6,118.71"
1/22/25,"6,086.37"
1/21/25,"6,049.24"
1/17/25,"5,996.66"
1/16/25,"5,937.34"
1/15/25,"5,949.91"
1/14/25,"5,842.91"
1/13/25,"5,836.22"
1/10/25,"5,827.04"
1/8/25,"5,918.25"
1/7/25,"5,909.03"
1/6/25,"5,975.38"
1/3/25,"5,942.47"
1/2/25,"5,868.55"
12/31/24,"5,881.63"
12/30/24,"5,906.94"
12/27/24,"5,970.84"
12/26/24,"6,037.59"
12/24/24,"6,040.04"
12/23/24,"5,974.07"
12/20/24,"5,930.85"
12/19/24,"5,867.08"
12/18/24,"5,872.16"
12/17/24,"6,050.61"
12/16/24,"6,074.08"
12/13/24,"6,051.09"
12/12/24,"6,051.25"
12/11/24,"6,084.19"
12/10/24,"6,034.91"
12/9/24,"6,052.85"
12/6/24,"6,090.27"
12/5/24,"6,075.11"
12/4/24,"6,086.49"
12/3/24,"6,049.88"
12/2/24,"6,047.15"
11/29/24,"6,032.38"
11/27/24,"5,998.74"
11/26/24,"6,021.63"
11/25/24,"5,987.37"
11/22/24,"5,969.34"
11/21/24,"5,948.71"
11/20/24,"5,917.11"
11/19/24,"5,916.98"
11/18/24,"5,893.62"
11/15/24,"5,870.62"
11/14/24,"5,949.17"
11/13/24,"5,985.38"
11/12/24,"5,983.99"
11/11/24,"6,001.35"
11/8/24,"5,995.54"
11/7/24,"5,973.10"
11/6/24,"5,929.04"
11/5/24,"5,782.76"
11/4/24,"5,712.69"
11/1/24,"5,728.80"
10/31/24,"5,705.45"
10/30/24,"5,813.67"
10/29/24,"5,832.92"
10/28/24,"5,823.52"
10/25/24,"5,808.12"
10/24/24,"5,809.86"
10/23/24,"5,797.42"
10/22/24,"5,851.20"
10/21/24,"5,853.98"
10/18/24,"5,864.67"
10/17/24,"5,841.47"
10/16/24,"5,842.47"
10/15/24,"5,815.26"
10/14/24,"5,859.85"
10/11/24,"5,815.03"
10/10/24,"5,780.05"
10/9/24,"5,792.04"
10/8/24,"5,751.13"
10/7/24,"5,695.94"
10/4/24,"5,751.07"
10/3/24,"5,699.94"
10/2/24,"5,709.54"
10/1/24,"5,708.75"
9/30/24,"5,762.48"
9/27/24,"5,738.17"
9/26/24,"5,745.37"
9/25/24,"5,722.26"
9/24/24,"5,732.93"
9/23/24,"5,718.57"
9/20/24,"5,702.55"
9/19/24,"5,713.64"
9/18/24,"5,618.26"
9/17/24,"5,634.58"
9/16/24,"5,633.09"
9/13/24,"5,626.02"
9/12/24,"5,595.76"
9/11/24,"5,554.13"
9/10/24,"5,495.52"
9/9/24,"5,471.05"
9/6/24,"5,408.42"
9/5/24,"5,503.41"
9/4/24,"5,520.07"
9/3/24,"5,528.93"
8/30/24,"5,648.40"
8/29/24,"5,591.96"
8/28/24,"5,592.18"
8/27/24,"5,625.80"
8/26/24,"5,616.84"
8/23/24,"5,634.61"
8/22/24,"5,570.64"
8/21/24,"5,620.85"
8/20/24,"5,597.12"
8/19/24,"5,608.25"
8/16/24,"5,554.25"
8/15/24,"5,543.22"
8/14/24,"5,455.21"
8/13/24,"5,434.43"
8/12/24,"5,344.39"
8/9/24,"5,344.16"
8/8/24,"5,319.31"
8/7/24,"5,199.50"
8/6/24,"5,240.03"
8/5/24,"5,186.33"
8/2/24,"5,346.56"
8/1/24,"5,446.68"
7/31/24,"5,522.30"
7/30/24,"5,436.44"
7/29/24,"5,463.54"
7/26/24,"5,459.10"
7/25/24,"5,399.22"
7/24/24,"5,427.13"
7/23/24,"5,555.74"
7/22/24,"5,564.41"
7/19/24,"5,505.00"
7/18/24,"5,544.59"
7/17/24,"5,588.27"
7/16/24,"5,667.20"
7/15/24,"5,631.22"
7/12/24,"5,615.35"
7/11/24,"5,584.54"
7/10/24,"5,633.91"
7/9/24,"5,576.98"
7/8/24,"5,572.85"
7/5/24,"5,567.19"
7/3/24,"5,537.02"
7/2/24,"5,509.01"
7/1/24,"5,475.09"
6/28/24,"5,460.48"
6/27/24,"5,482.87"
6/26/24,"5,477.90"
6/25/24,"5,469.30"
6/24/24,"5,447.87"
6/21/24,"5,464.62"
6/20/24,"5,473.17"
6/18/24,"5,487.03"
6/17/24,"5,473.23"
6/14/24,"5,431.60"
6/13/24,"5,433.74"
6/12/24,"5,421.03"
6/11/24,"5,375.32"
6/10/24,"5,360.79"
6/7/24,"5,346.99"
6/6/24,"5,352.96"
6/5/24,"5,354.03"
6/4/24,"5,291.34"
6/3/24,"5,283.40"
5/31/24,"5,277.51"
5/30/24,"5,235.48"
5/29/24,"5,266.95"
5/28/24,"5,306.04"
5/24/24,"5,304.72"
5/23/24,"5,267.84"
5/22/24,"5,307.01"
5/21/24,"5,321.41"
5/20/24,"5,308.13"
5/17/24,"5,303.27"
5/16/24,"5,297.10"
5/15/24,"5,308.15"
5/14/24,"5,246.68"
5/13/24,"5,221.42"
5/10/24,"5,222.68"
5/9/24,"5,214.08"
5/8/24,"5,187.67"
5/7/24,"5,187.70"
5/6/24,"5,180.74"
5/3/24,"5,127.79"
5/2/24,"5,064.20"
5/1/24,"5,018.39"
4/30/24,"5,035.69"
4/29/24,"5,116.17"
4/26/24,"5,099.96"
4/25/24,"5,048.42"
4/24/24,"5,071.63"
4/23/24,"5,070.55"
4/22/24,"5,010.60"
4/19/24,"4,967.23"
4/18/24,"5,011.12"
4/17/24,"5,022.21"
4/16/24,"5,051.41"
4/15/24,"5,061.82"
4/12/24,"5,123.41"
4/11/24,"5,199.06"
4/10/24,"5,160.64"
4/9/24,"5,209.91"
4/8/24,"5,202.39"
4/5/24,"5,204.34"
4/4/24,"5,147.21"
4/3/24,"5,211.49"
4/2/24,"5,205.81"
4/1/24,"5,243.77"
3/28/24,"5,254.35"
3/27/24,"5,248.49"
3/26/24,"5,203.58"
3/25/24,"5,218.19"
3/22/24,"5,234.18"
3/21/24,"5,241.53"
3/20/24,"5,224.62"
3/19/24,"5,178.51"
3/18/24,"5,149.42"
3/15/24,"5,117.09"
3/14/24,"5,150.48"
3/13/24,"5,165.31"
3/12/24,"5,175.27"
3/11/24,"5,117.94"
3/8/24,"5,123.69"
3/7/24,"5,157.36"
3/6/24,"5,104.76"
3/5/24,"5,078.65"
3/4/24,"5,130.95"
3/1/24,"5,137.08"
2/29/24,"5,096.27"
2/28/24,"5,069.76"
2/27/24,"5,078.18"
2/26/24,"5,069.53"
2/23/24,"5,088.80"
2/22/24,"5,087.03"
2/21/24,"4,981.80"
2/20/24,"4,975.51"
2/16/24,"5,005.57"
2/15/24,"5,029.73"
2/14/24,"5,000.62"
2/13/24,"4,953.17"
2/12/24,"5,021.84"
2/9/24,"5,026.61"
2/8/24,"4,997.91"
2/7/24,"4,995.06"
2/6/24,"4,954.23"
2/5/24,"4,942.81"
2/2/24,"4,958.61"
2/1/24,"4,906.19"
1/31/24,"4,845.65"
1/30/24,"4,924.97"
1/29/24,"4,927.93"
1/26/24,"4,890.97"
1/25/24,"4,894.16"
1/24/24,"4,868.55"
1/23/24,"4,864.60"
1/22/24,"4,850.43"
1/19/24,"4,839.81"
1/18/24,"4,780.94"
1/17/24,"4,739.21"
1/16/24,"4,765.98"
1/12/24,"4,783.83"
1/11/24,"4,780.24"
1/10/24,"4,783.45"
1/9/24,"4,756.50"
1/8/24,"4,763.54"
1/5/24,"4,697.24"
1/4/24,"4,688.68"
1/3/24,"4,704.81"
1/2/24,"4,742.83"
12/29/23,"4,769.83"
12/28/23,"4,783.35"
12/27/23,"4,781.58"
12/26/23,"4,774.75"
12/22/23,"4,754.63"
12/21/23,"4,746.75"
12/20/23,"4,698.35"
12/19/23,"4,768.37"
12/18/23,"4,740.56"
12/15/23,"4,719.19"
12/14/23,"4,719.55"
12/13/23,"4,707.09"
12/12/23,"4,643.70"
12/11/23,"4,622.44"
12/8/23,"4,604.37"
12/7/23,"4,585.59"
12/6/23,"4,549.34"
12/5/23,"4,567.18"
12/4/23,"4,569.78"
12/1/23,"4,594.63"
11/30/23,"4,567.80"
11/29/23,"4,550.58"
11/28/23,"4,554.89"
11/27/23,"4,550.43"
11/24/23,"4,559.34"
11/22/23,"4,556.62"
11/21/23,"4,538.19"
11/20/23,"4,547.38"
11/17/23,"4,514.02"
11/16/23,"4,508.24"
11/15/23,"4,502.88"
11/14/23,"4,495.70"
11/13/23,"4,411.55"
11/10/23,"4,415.24"
11/9/23,"4,347.35"
11/8/23,"4,382.78"
11/7/23,"4,378.38"
11/6/23,"4,365.98"
11/3/23,"4,358.34"
11/2/23,"4,317.78"
11/1/23,"4,237.86"
10/31/23,"4,193.80"
10/30/23,"4,166.82"
10/27/23,"4,117.37"
10/26/23,"4,137.23"
10/25/23,"4,186.77"
10/24/23,"4,247.68"
10/23/23,"4,217.04"
10/20/23,"4,224.16"
10/19/23,"4,278.00"
10/18/23,"4,314.60"
10/17/23,"4,373.20"
10/16/23,"4,373.63"
10/13/23,"4,327.78"
10/12/23,"4,349.61"
10/11/23,"4,376.95"
10/10/23,"4,358.24"
10/9/23,"4,335.66"
10/6/23,"4,308.50"
10/5/23,"4,258.19"
10/4/23,"4,263.75"
10/3/23,"4,229.45"
10/2/23,"4,288.39"
9/29/23,"4,288.05"
9/28/23,"4,299.70"
9/27/23,"4,274.51"
9/26/23,"4,273.53"
9/25/23,"4,337.44"
9/22/23,"4,320.06"
9/21/23,"4,330.00"
9/20/23,"4,402.20"
9/19/23,"4,443.95"
9/18/23,"4,453.53"
9/15/23,"4,450.32"
9/14/23,"4,505.10"
9/13/23,"4,467.44"
9/12/23,"4,461.90"
9/11/23,"4,487.46"
9/8/23,"4,457.49"
9/7/23,"4,451.14"
9/6/23,"4,465.48"
9/5/23,"4,496.83"
9/1/23,"4,515.77"
8/31/23,"4,507.66"
8/30/23,"4,514.87"
8/29/23,"4,497.63"
8/28/23,"4,433.31"
8/25/23,"4,405.71"
8/24/23,"4,376.31"
8/23/23,"4,436.01"
8/22/23,"4,387.55"
8/21/23,"4,399.77"
8/18/23,"4,369.71"
8/17/23,"4,370.36"
8/16/23,"4,404.33"
8/15/23,"4,437.86"
8/14/23,"4,489.72"
8/11/23,"4,464.05"
8/10/23,"4,468.83"
8/9/23,"4,467.71"
8/8/23,"4,499.38"
8/7/23,"4,518.44"
8/4/23,"4,478.03"
8/3/23,"4,501.89"
8/2/23,"4,513.39"
8/1/23,"4,576.73"
7/31/23,"4,588.96"
7/28/23,"4,582.23"
7/27/23,"4,537.41"
7/26/23,"4,566.75"
7/25/23,"4,567.46"
7/24/23,"4,554.64"
7/21/23,"4,536.34"
7/20/23,"4,534.87"
7/19/23,"4,565.72"
7/18/23,"4,554.98"
7/17/23,"4,522.79"
7/14/23,"4,505.42"
7/13/23,"4,510.04"
7/12/23,"4,472.16"
7/11/23,"4,439.26"
7/10/23,"4,409.53"
7/7/23,"4,398.95"
7/6/23,"4,411.59"
7/5/23,"4,446.82"
7/3/23,"4,455.59"
6/30/23,"4,450.38"
6/29/23,"4,396.44"
6/28/23,"4,376.86"
6/27/23,"4,378.41"
6/26/23,"4,328.82"
6/23/23,"4,348.33"
6/22/23,"4,381.89"
6/21/23,"4,365.69"
6/20/23,"4,388.71"
6/16/23,"4,409.59"
6/15/23,"4,425.84"
6/14/23,"4,372.59"
6/13/23,"4,369.01"
6/12/23,"4,338.93"
6/9/23,"4,298.86"
6/8/23,"4,293.93"
6/7/23,"4,267.52"
6/6/23,"4,283.85"
6/5/23,"4,273.79"
6/2/23,"4,282.37"
6/1/23,"4,221.02"
5/31/23,"4,179.83"
5/30/23,"4,205.52"
5/26/23,"4,205.45"
5/25/23,"4,151.28"
5/24/23,"4,115.24"
5/23/23,"4,145.58"
5/22/23,"4,192.63"
5/19/23,"4,191.98"
5/18/23,"4,198.05"
5/17/23,"4,158.77"
5/16/23,"4,109.90"
5/15/23,"4,136.28"
5/12/23,"4,124.08"
5/11/23,"4,130.62"
5/10/23,"4,137.64"
5/9/23,"4,119.17"
5/8/23,"4,138.12"
5/5/23,"4,136.25"
5/4/23,"4,061.22"
5/3/23,"4,090.75"
5/2/23,"4,119.58"
5/1/23,"4,167.87"
4/28/23,"4,169.48"
4/27/23,"4,135.35"
4/26/23,"4,055.99"
4/25/23,"4,071.63"
4/24/23,"4,137.04"
4/21/23,"4,133.52"
4/20/23,"4,129.79"
4/19/23,"4,154.52"
4/18/23,"4,154.87"
4/17/23,"4,151.32"
4/14/23,"4,137.64"
4/13/23,"4,146.22"
4/12/23,"4,091.95"
4/11/23,"4,108.94"
4/10/23,"4,109.11"
4/6/23,"4,105.02"
4/5/23,"4,090.38"
4/4/23,"4,100.60"
4/3/23,"4,124.51"
3/31/23,"4,109.31"
3/30/23,"4,050.83"
3/29/23,"4,027.81"
3/28/23,"3,971.27"
3/27/23,"3,977.53"
3/24/23,"3,970.99"
3/23/23,"3,948.72"
3/22/23,"3,936.97"
3/21/23,"4,002.87"
3/20/23,"3,951.57"
3/17/23,"3,916.64"
3/16/23,"3,960.28"
3/15/23,"3,891.93"
3/14/23,"3,919.29"
3/13/23,"3,855.76"
3/10/23,"3,861.59"
3/9/23,"3,918.32"
3/8/23,"3,992.01"
3/7/23,"3,986.37"
3/6/23,"4,048.42"
3/3/23,"4,045.64"
3/2/23,"3,981.35"
3/1/23,"3,951.39"
2/28/23,"3,970.15"
2/27/23,"3,982.24"
2/24/23,"3,970.04"
2/23/23,"4,012.32"
2/22/23,"3,991.05"
2/21/23,"3,997.34"
2/17/23,"4,079.09"
2/16/23,"4,090.41"
2/15/23,"4,147.60"
2/14/23,"4,136.13"
2/13/23,"4,137.29"
2/10/23,"4,090.46"
2/9/23,"4,081.50"
2/8/23,"4,117.86"
2/7/23,"4,164.00"
2/6/23,"4,111.08"
2/3/23,"4,136.48"
2/2/23,"4,179.76"
2/1/23,"4,119.21"
1/31/23,"4,076.60"
1/30/23,"4,017.77"
1/27/23,"4,070.56"
1/26/23,"4,060.43"
1/25/23,"4,016.22"
1/24/23,"4,016.95"
1/23/23,"4,019.81"
1/20/23,"3,972.61"
1/19/23,"3,898.85"
1/18/23,"3,928.86"
1/17/23,"3,990.97"
1/13/23,"3,999.09"
1/12/23,"3,983.17"
1/11/23,"3,969.61"
1/10/23,"3,919.25"
1/9/23,"3,892.09"
1/6/23,"3,895.08"
1/5/23,"3,808.10"
1/4/23,"3,852.97"
1/3/23,"3,824.14"
12/30/22,"3,839.50"
12/29/22,"3,849.28"
12/28/22,"3,783.22"
12/27/22,"3,829.25"
12/23/22,"3,844.82"
12/22/22,"3,822.39"
12/21/22,"3,878.44"
12/20/22,"3,821.62"
12/19/22,"3,817.66"
12/16/22,"3,852.36"
12/15/22,"3,895.75"
12/14/22,"3,995.32"
12/13/22,"4,019.65"
12/12/22,"3,990.56"
12/9/22,"3,934.38"
12/8/22,"3,963.51"
12/7/22,"3,933.92"
12/6/22,"3,941.26"
12/5/22,"3,998.84"
12/2/22,"4,071.70"
12/1/22,"4,076.57"
11/30/22,"4,080.11"
11/29/22,"3,957.63"
11/28/22,"3,963.94"
11/25/22,"4,026.12"
11/23/22,"4,027.26"
11/22/22,"4,003.58"
11/21/22,"3,949.94"
11/18/22,"3,965.34"
11/17/22,"3,946.56"
11/16/22,"3,958.79"
11/15/22,"3,991.73"
11/14/22,"3,957.25"
11/11/22,"3,992.93"
11/10/22,"3,956.37"
11/9/22,"3,748.57"
11/8/22,"3,828.11"
11/7/22,"3,806.80"
11/4/22,"3,770.55"
11/3/22,"3,719.89"
11/2/22,"3,759.69"
11/1/22,"3,856.10"
10/31/22,"3,871.98"
10/28/22,"3,901.06"
10/27/22,"3,807.30"
10/26/22,"3,830.60"
10/25/22,"3,859.11"
10/24/22,"3,797.34"
10/21/22,"3,752.75"
10/20/22,"3,665.78"
10/19/22,"3,695.16"
10/18/22,"3,719.98"
10/17/22,"3,677.95"
10/14/22,"3,583.07"
10/13/22,"3,669.91"
10/12/22,"3,577.03"
10/11/22,"3,588.84"
10/10/22,"3,612.39"
10/7/22,"3,639.66"
10/6/22,"3,744.52"
10/5/22,"3,783.28"
10/4/22,"3,790.93"
10/3/22,"3,678.43"
9/30/22,"3,585.62"
9/29/22,"3,640.47"
9/28/22,"3,719.04"
9/27/22,"3,647.29"
9/26/22,"3,655.04"
9/23/22,"3,693.23"
9/22/22,"3,757.99"
9/21/22,"3,789.93"
9/20/22,"3,855.93"
9/19/22,"3,899.89"
9/16/22,"3,873.33"
9/15/22,"3,901.35"
9/14/22,"3,946.01"
9/13/22,"3,932.69"
9/12/22,"4,110.41"
9/9/22,"4,067.36"
9/8/22,"4,006.18"
9/7/22,"3,979.87"
9/6/22,"3,908.19"
9/2/22,"3,924.26"
9/1/22,"3,966.85"
8/31/22,"3,955.00"
8/30/22,"3,986.16"
8/29/22,"4,030.61"
8/26/22,"4,057.66"
8/25/22,"4,199.12"
8/24/22,"4,140.77"
8/23/22,"4,128.73"
8/22/22,"4,137.99"
8/19/22,"4,228.48"
8/18/22,"4,283.74"
8/17/22,"4,274.04"
8/16/22,"4,305.20"
8/15/22,"4,297.14"
8/12/22,"4,280.15"
8/11/22,"4,207.27"
8/10/22,"4,210.24"
8/9/22,"4,122.47"
8/8/22,"4,140.06"
8/5/22,"4,145.19"
8/4/22,"4,151.94"
8/3/22,"4,155.17"
8/2/22,"4,091.19"
8/1/22,"4,118.63"
7/29/22,"4,130.29"
7/28/22,"4,072.43"
7/27/22,"4,023.61"
7/26/22,"3,921.05"
7/25/22,"3,966.84"
7/22/22,"3,961.63"
7/21/22,"3,998.95"
7/20/22,"3,959.90"
7/19/22,"3,936.69"
7/18/22,"3,830.85"
7/15/22,"3,863.16"
7/14/22,"3,790.38"
7/13/22,"3,801.78"
7/12/22,"3,818.80"
7/11/22,"3,854.43"
7/8/22,"3,899.38"
7/7/22,"3,902.62"
7/6/22,"3,845.08"
7/5/22,"3,831.39"
7/1/22,"3,825.33"
6/30/22,"3,785.38"
6/29/22,"3,818.83"
6/28/22,"3,821.55"
6/27/22,"3,900.11"
6/24/22,"3,911.74"
6/23/22,"3,795.73"
6/22/22,"3,759.89"
6/21/22,"3,764.79"
6/17/22,"3,674.84"
6/16/22,"3,666.77"
6/15/22,"3,789.99"
6/14/22,"3,735.48"
6/13/22,"3,749.63"
6/10/22,"3,900.86"
6/9/22,"4,017.82"
6/8/22,"4,115.77"
6/7/22,"4,160.68"
6/6/22,"4,121.43"
6/3/22,"4,108.54"
6/2/22,"4,176.82"
6/1/22,"4,101.23"
5/31/22,"4,132.15"
5/27/22,"4,158.24"
5/26/22,"4,057.84"
5/25/22,"3,978.73"
5/24/22,"3,941.48"
5/23/22,"3,973.75"
5/20/22,"3,901.36"
5/19/22,"3,900.79"
5/18/22,"3,923.68"
5/17/22,"4,088.85"
5/16/22,"4,008.01"
5/13/22,"4,023.89"
5/12/22,"3,930.08"
5/11/22,"3,935.18"
5/10/22,"4,001.05"
5/9/22,"3,991.24"
5/6/22,"4,123.34"
5/5/22,"4,146.87"
5/4/22,"4,300.17"
5/3/22,"4,175.48"
5/2/22,"4,155.38"
4/29/22,"4,131.93"
4/28/22,"4,287.50"
4/27/22,"4,183.96"
4/26/22,"4,175.20"
4/25/22,"4,296.12"
4/22/22,"4,271.78"
4/21/22,"4,393.66"
4/20/22,"4,459.45"
4/19/22,"4,462.21"
4/18/22,"4,391.69"
4/14/22,"4,392.59"
4/13/22,"4,446.59"
4/12/22,"4,397.45"
4/11/22,"4,412.53"
4/8/22,"4,488.28"
4/7/22,"4,500.21"
4/6/22,"4,481.15"
4/5/22,"4,525.12"
4/4/22,"4,582.64"
4/1/22,"4,545.86"
3/31/22,"4,530.41"
3/30/22,"4,602.45"
3/29/22,"4,631.60"
3/28/22,"4,575.52"
3/25/22,"4,543.06"
3/24/22,"4,520.16"
3/23/22,"4,456.24"
3/22/22,"4,511.61"
3/21/22,"4,461.18"
3/18/22,"4,463.12"
3/17/22,"4,411.67"
3/16/22,"4,357.86"
3/15/22,"4,262.45"
3/14/22,"4,173.11"
3/11/22,"4,204.31"
3/10/22,"4,259.52"
3/9/22,"4,277.88"
3/8/22,"4,170.70"
3/7/22,"4,201.09"
3/4/22,"4,328.87"
3/3/22,"4,363.49"
3/2/22,"4,386.54"
3/1/22,"4,306.26"
2/28/22,"4,373.94"
2/25/22,"4,384.65"
2/24/22,"4,288.70"
2/23/22,"4,225.50"
2/22/22,"4,304.76"
2/18/22,"4,348.87"
2/17/22,"4,380.26"
2/16/22,"4,475.01"
2/15/22,"4,471.07"
2/14/22,"4,401.67"
2/11/22,"4,418.64"
2/10/22,"4,504.10"
2/9/22,"4,587.20"
2/8/22,"4,521.50"
2/7/22,"4,483.90"
2/4/22,"4,500.50"
2/3/22,"4,477.40"
2/2/22,"4,589.40"
2/1/22,"4,546.50"
1/31/22,"4,515.60"
1/28/22,"4,431.90"
1/27/22,"4,326.50"
1/26/22,"4,349.90"
1/25/22,"4,356.40"
1/24/22,"4,410.10"
1/21/22,"4,397.90"
1/20/22,"4,482.70"
1/19/22,"4,532.80"
1/18/22,"4,577.10"
1/14/22,"4,662.90"
1/13/22,"4,659.00"
1/12/22,"4,726.40"
1/11/22,"4,713.10"
1/10/22,"4,670.30"
1/7/22,"4,677.00"
1/6/22,"4,696.10"
1/5/22,"4,700.60"
1/4/22,"4,793.50"
1/3/22,"4,796.60"
12/31/21,"4,766.20"
12/30/21,"4,778.70"
12/29/21,"4,793.10"
12/28/21,"4,786.40"
12/27/21,"4,791.20"
12/23/21,"4,725.80"
12/22/21,"4,696.60"
12/21/21,"4,649.20"
12/20/21,"4,568.00"
12/17/21,"4,620.60"
12/16/21,"4,668.70"
12/15/21,"4,709.90"
12/14/21,"4,634.10"
12/13/21,"4,669.00"
12/10/21,"4,712.00"
12/9/21,"4,667.40"
12/8/21,"4,701.20"
12/7/21,"4,686.80"
12/6/21,"4,591.70"
12/3/21,"4,538.40"
12/2/21,"4,577.10"
12/1/21,"4,513.00"
11/30/21,"4,567.00"
11/29/21,"4,655.30"
11/26/21,"4,594.60"
11/24/21,"4,701.50"
11/23/21,"4,690.70"
11/22/21,"4,682.90"
11/19/21,"4,698.00"
11/18/21,"4,704.50"
11/17/21,"4,688.70"
11/16/21,"4,700.90"
11/15/21,"4,682.80"
11/12/21,"4,682.90"
11/11/21,"4,649.30"
11/10/21,"4,646.70"
11/9/21,"4,685.20"
11/8/21,"4,701.70"
11/5/21,"4,697.50"
11/4/21,"4,680.10"
11/3/21,"4,660.60"
11/2/21,"4,630.60"
11/1/21,"4,613.70"
10/29/21,"4,605.40"
10/28/21,"4,596.40"
10/27/21,"4,551.70"
10/26/21,"4,574.80"
10/25/21,"4,566.50"
10/22/21,"4,544.90"
10/21/21,"4,549.80"
10/20/21,"4,536.20"
10/19/21,"4,519.60"
10/18/21,"4,486.50"
10/15/21,"4,471.40"
10/14/21,"4,438.30"
10/13/21,"4,363.80"
10/12/21,"4,350.60"
10/11/21,"4,361.20"
10/8/21,"4,391.30"
10/7/21,"4,399.80"
10/6/21,"4,363.60"
10/5/21,"4,345.70"
10/4/21,"4,300.50"
10/1/21,"4,357.00"
9/30/21,"4,307.50"
9/29/21,"4,359.50"
9/28/21,"4,352.60"
9/27/21,"4,443.10"
9/24/21,"4,455.50"
9/23/21,"4,449.00"
9/22/21,"4,395.60"
9/21/21,"4,354.20"
9/20/21,"4,357.70"
9/17/21,"4,433.00"
9/16/21,"4,473.80"
9/15/21,"4,480.70"
9/14/21,"4,443.10"
9/13/21,"4,468.70"
9/10/21,"4,458.60"
9/9/21,"4,493.30"
9/8/21,"4,514.10"
9/7/21,"4,520.00"
9/3/21,"4,535.40"
9/2/21,"4,536.90"
9/1/21,"4,524.10"
8/31/21,"4,522.70"
8/30/21,"4,528.80"
8/27/21,"4,509.40"
8/26/21,"4,470.00"
8/25/21,"4,496.20"
8/24/21,"4,486.20"
8/23/21,"4,479.50"
8/20/21,"4,441.70"
8/19/21,"4,405.80"
8/18/21,"4,400.30"
8/17/21,"4,448.10"
8/16/21,"4,479.70"
8/13/21,"4,468.00"
8/12/21,"4,460.80"
8/11/21,"4,447.70"
8/10/21,"4,436.80"
8/9/21,"4,432.40"
8/6/21,"4,436.50"
8/5/21,"4,429.10"
8/4/21,"4,402.70"
8/3/21,"4,423.10"
8/2/21,"4,387.20"
7/30/21,"4,395.30"
7/29/21,"4,419.10"
7/28/21,"4,400.60"
7/27/21,"4,401.50"
7/26/21,"4,422.30"
7/23/21,"4,411.80"
7/22/21,"4,367.50"
7/21/21,"4,358.70"
7/20/21,"4,323.10"
7/19/21,"4,258.50"
7/16/21,"4,327.20"
7/15/21,"4,360.00"
7/14/21,"4,374.30"
7/13/21,"4,369.20"
7/12/21,"4,384.60"
7/9/21,"4,369.60"
7/8/21,"4,320.80"
7/7/21,"4,358.10"
7/6/21,"4,343.50"
7/2/21,"4,352.30"
7/1/21,"4,319.90"
6/30/21,"4,297.50"
6/29/21,"4,291.80"
6/28/21,"4,290.60"
6/25/21,"4,280.70"
6/24/21,"4,266.50"
6/23/21,"4,241.80"
6/22/21,"4,246.40"
6/21/21,"4,224.80"
6/18/21,"4,166.40"
6/17/21,"4,221.90"
6/16/21,"4,223.70"
6/15/21,"4,246.60"
6/14/21,"4,255.10"
6/11/21,"4,247.40"
6/10/21,"4,239.20"
6/9/21,"4,219.60"
6/8/21,"4,227.30"
6/7/21,"4,226.50"
6/4/21,"4,229.90"
6/3/21,"4,192.90"
6/2/21,"4,208.10"
6/1/21,"4,202.00"
5/28/21,"4,204.10"
5/27/21,"4,200.90"
5/26/21,"4,196.00"
5/25/21,"4,188.10"
5/24/21,"4,197.10"
5/21/21,"4,155.90"
5/20/21,"4,159.10"
5/19/21,"4,115.70"
5/18/21,"4,127.80"
5/17/21,"4,163.30"
5/14/21,"4,173.90"
5/13/21,"4,112.50"
5/12/21,"4,063.00"
5/11/21,"4,152.10"
5/10/21,"4,188.40"
5/7/21,"4,232.60"
5/6/21,"4,201.60"
5/5/21,"4,167.60"
5/4/21,"4,164.70"
5/3/21,"4,192.70"
4/30/21,"4,181.20"
4/29/21,"4,211.50"
4/28/21,"4,183.20"
4/27/21,"4,186.70"
4/26/21,"4,187.60"
4/23/21,"4,180.20"
4/22/21,"4,135.00"
4/21/21,"4,173.40"
4/20/21,"4,134.90"
4/19/21,"4,163.30"
4/16/21,"4,185.50"
4/15/21,"4,170.40"
4/14/21,"4,124.70"
4/13/21,"4,141.60"
4/12/21,"4,128.00"
4/9/21,"4,128.80"
4/8/21,"4,097.20"
4/7/21,"4,079.90"
4/6/21,"4,073.90"
4/5/21,"4,077.90"
4/1/21,"4,019.90"
3/31/21,"3,972.90"
3/30/21,"3,958.60"
3/29/21,"3,971.10"
3/26/21,"3,974.50"
3/25/21,"3,909.50"
3/24/21,"3,889.10"
3/23/21,"3,910.50"
3/22/21,"3,940.60"
3/19/21,"3,913.10"
3/18/21,"3,915.50"
3/17/21,"3,974.10"
3/16/21,"3,962.70"
3/15/21,"3,968.90"
3/12/21,"3,943.30"
3/11/21,"3,939.30"
3/10/21,"3,898.80"
3/9/21,"3,875.40"
3/8/21,"3,821.30"
3/5/21,"3,841.90"
3/4/21,"3,768.50"
3/3/21,"3,819.70"
3/2/21,"3,870.30"
3/1/21,"3,901.80"
2/26/21,"3,811.20"
2/25/21,"3,829.30"
2/24/21,"3,925.40"
2/23/21,"3,881.40"
2/22/21,"3,876.50"
2/19/21,"3,906.70"
2/18/21,"3,914.00"
2/17/21,"3,931.30"
2/16/21,"3,932.60"
2/12/21,"3,934.80"
2/11/21,"3,916.40"
2/10/21,"3,909.90"
2/9/21,"3,911.20"
2/8/21,"3,915.60"
2/5/21,"3,886.80"
2/4/21,"3,871.70"
2/3/21,"3,830.20"
2/2/21,"3,826.30"
2/1/21,"3,773.90"
1/29/21,"3,714.20"
1/28/21,"3,787.40"
1/27/21,"3,750.80"
1/26/21,"3,849.60"
1/25/21,"3,855.40"
1/22/21,"3,841.50"
1/21/21,"3,853.10"
1/20/21,"3,851.80"
1/19/21,"3,798.90"
1/15/21,"3,768.20"
1/14/21,"3,795.50"
1/13/21,"3,809.80"
1/12/21,"3,801.20"
1/11/21,"3,799.60"
1/8/21,"3,824.70"
1/7/21,"3,803.80"
1/6/21,"3,748.10"
1/5/21,"3,726.90"
1/4/21,"3,700.70"
12/31/20,"3,756.10"
12/30/20,"3,732.00"
12/29/20,"3,727.00"
12/28/20,"3,735.40"
12/24/20,"3,703.10"
12/23/20,"3,690.00"
12/22/20,"3,687.30"
12/21/20,"3,694.90"
12/18/20,"3,709.40"
12/17/20,"3,722.50"
12/16/20,"3,701.20"
12/15/20,"3,694.60"
12/14/20,"3,647.50"
12/11/20,"3,663.50"
12/10/20,"3,668.10"
12/9/20,"3,672.80"
12/8/20,"3,702.20"
12/7/20,"3,692.00"
12/4/20,"3,699.10"
12/3/20,"3,666.70"
12/2/20,"3,669.00"
12/1/20,"3,662.40"
11/30/20,"3,621.60"
11/27/20,"3,638.30"
11/25/20,"3,629.70"
11/24/20,"3,635.40"
11/23/20,"3,577.60"
11/20/20,"3,557.50"
11/19/20,"3,581.90"
11/18/20,"3,567.80"
11/17/20,"3,609.50"
11/16/20,"3,626.90"
11/13/20,"3,585.20"
11/12/20,"3,537.00"
11/11/20,"3,572.70"
11/10/20,"3,545.50"
11/9/20,"3,550.50"
11/6/20,"3,509.40"
11/5/20,"3,510.40"
11/4/20,"3,443.40"
11/3/20,"3,369.20"
11/2/20,"3,310.20"
10/30/20,"3,270.00"
10/29/20,"3,310.10"
10/28/20,"3,271.00"
10/27/20,"3,390.70"
10/26/20,"3,401.00"
10/23/20,"3,465.40"
10/22/20,"3,453.50"
10/21/20,"3,435.60"
10/20/20,"3,443.10"
10/19/20,"3,426.90"
10/16/20,"3,483.80"
10/15/20,"3,483.30"
10/14/20,"3,488.70"
10/13/20,"3,511.90"
10/12/20,"3,534.20"
10/9/20,"3,477.10"
10/8/20,"3,446.80"
10/7/20,"3,419.40"
10/6/20,"3,360.90"
10/5/20,"3,408.60"
10/2/20,"3,348.40"
10/1/20,"3,380.80"
9/30/20,"3,363.00"
9/29/20,"3,335.50"
9/28/20,"3,351.60"
9/25/20,"3,298.50"
9/24/20,"3,246.60"
9/23/20,"3,236.90"
9/22/20,"3,315.60"
9/21/20,"3,281.10"
9/18/20,"3,319.50"
9/17/20,"3,357.00"
9/16/20,"3,385.50"
9/15/20,"3,401.20"
9/14/20,"3,383.50"
9/11/20,"3,341.00"
9/10/20,"3,339.20"
9/9/20,"3,399.00"
9/8/20,"3,331.80"
9/4/20,"3,427.00"
9/3/20,"3,455.10"
9/2/20,"3,580.80"
9/1/20,"3,526.70"
8/31/20,"3,500.30"
8/28/20,"3,508.00"
8/27/20,"3,484.60"
8/26/20,"3,478.70"
8/25/20,"3,443.60"
8/24/20,"3,431.30"
8/21/20,"3,397.20"
8/20/20,"3,385.50"
8/19/20,"3,374.80"
8/18/20,"3,389.80"
8/17/20,"3,382.00"
8/14/20,"3,372.80"
8/13/20,"3,373.40"
8/12/20,"3,380.30"
8/11/20,"3,333.70"
8/10/20,"3,360.50"
8/7/20,"3,351.30"
8/6/20,"3,349.20"
8/5/20,"3,327.80"
8/4/20,"3,306.50"
8/3/20,"3,294.60"
7/31/20,"3,271.10"
7/30/20,"3,246.20"
7/29/20,"3,258.40"
7/28/20,"3,218.40"
7/27/20,"3,239.40"
7/24/20,"3,215.60"
7/23/20,"3,235.70"
7/22/20,"3,276.00"
7/21/20,"3,257.30"
7/20/20,"3,251.80"
7/17/20,"3,224.70"
7/16/20,"3,215.60"
7/15/20,"3,226.60"
7/14/20,"3,197.50"
7/13/20,"3,155.20"
7/10/20,"3,185.00"
7/9/20,"3,152.10"
7/8/20,"3,169.90"
7/7/20,"3,145.30"
7/6/20,"3,179.70"
7/2/20,"3,130.00"
7/1/20,"3,115.90"
6/30/20,"3,100.30"
6/29/20,"3,053.20"
6/26/20,"3,009.10"
6/25/20,"3,083.80"
6/24/20,"3,050.30"
6/23/20,"3,131.30"
6/22/20,"3,117.90"
6/19/20,"3,097.70"
6/18/20,"3,115.30"
6/17/20,"3,113.50"
6/16/20,"3,124.70"
6/15/20,"3,066.60"
6/12/20,"3,041.30"
6/11/20,"3,002.10"
6/10/20,"3,190.10"
6/9/20,"3,207.20"
6/8/20,"3,232.40"
6/5/20,"3,193.90"
6/4/20,"3,112.30"
6/3/20,"3,122.90"
6/2/20,"3,080.80"
6/1/20,"3,055.70"
5/29/20,"3,044.30"
5/28/20,"3,029.70"
5/27/20,"3,036.10"
5/26/20,"2,991.80"
5/22/20,"2,955.40"
5/21/20,"2,948.50"
5/20/20,"2,971.60"
5/19/20,"2,922.90"
5/18/20,"2,953.90"
5/15/20,"2,863.70"
5/14/20,"2,852.50"
5/13/20,"2,820.00"
5/12/20,"2,870.10"
5/11/20,"2,930.30"
5/8/20,"2,929.80"
5/7/20,"2,881.20"
5/6/20,"2,848.40"
5/5/20,"2,868.40"
5/4/20,"2,842.70"
5/1/20,"2,830.70"
4/30/20,"2,912.40"
4/29/20,"2,939.50"
4/28/20,"2,863.40"
4/27/20,"2,878.50"
4/24/20,"2,836.70"
4/23/20,"2,797.80"
4/22/20,"2,799.30"
4/21/20,"2,736.60"
4/20/20,"2,823.20"
4/17/20,"2,874.60"
4/16/20,"2,799.60"
4/15/20,"2,783.40"
4/14/20,"2,846.10"
4/13/20,"2,761.60"
4/9/20,"2,789.80"
4/8/20,"2,750.00"
4/7/20,"2,659.40"
4/6/20,"2,663.70"
4/3/20,"2,488.70"
4/2/20,"2,526.90"
4/1/20,"2,470.50"
3/31/20,"2,584.60"
3/30/20,"2,626.70"
3/27/20,"2,541.50"
3/26/20,"2,630.10"
3/25/20,"2,475.60"
3/24/20,"2,447.30"
3/23/20,"2,237.40"
3/20/20,"2,304.90"
3/19/20,"2,409.40"
3/18/20,"2,398.10"
3/17/20,"2,529.20"
3/16/20,"2,386.10"
3/13/20,"2,711.00"
3/12/20,"2,480.60"
3/11/20,"2,741.40"
3/10/20,"2,882.20"
3/9/20,"2,746.60"
3/6/20,"2,972.40"
3/5/20,"3,023.90"
3/4/20,"3,130.10"
3/3/20,"3,003.40"
3/2/20,"3,090.20"
2/28/20,"2,954.20"
2/27/20,"2,978.80"
2/26/20,"3,116.40"
2/25/20,"3,128.20"
2/24/20,"3,225.90"
2/21/20,"3,337.80"
2/20/20,"3,373.20"
2/19/20,"3,386.20"
2/18/20,"3,370.30"
2/14/20,"3,380.20"
2/13/20,"3,373.90"
2/12/20,"3,379.40"
2/11/20,"3,357.80"
2/10/20,"3,352.10"
2/7/20,"3,327.70"
2/6/20,"3,345.80"
2/5/20,"3,334.70"
2/4/20,"3,297.60"
2/3/20,"3,248.90"
1/31/20,"3,225.50"
1/30/20,"3,283.70"
1/29/20,"3,273.40"
1/28/20,"3,276.20"
1/27/20,"3,243.60"
1/24/20,"3,295.50"
1/23/20,"3,325.50"
1/22/20,"3,321.80"
1/21/20,"3,320.80"
1/17/20,"3,329.60"
1/16/20,"3,316.80"
1/15/20,"3,289.30"
1/14/20,"3,283.20"
1/13/20,"3,288.10"
1/10/20,"3,265.30"
1/9/20,"3,274.70"
1/8/20,"3,253.10"
1/7/20,"3,237.20"
1/6/20,"3,246.30"
1/3/20,"3,234.80"
1/2/20,"3,257.80"
12/31/19,"3,230.80"
12/30/19,"3,221.30"
12/27/19,"3,240.00"
12/26/19,"3,239.90"
12/24/19,"3,223.40"
12/23/19,"3,224.00"
12/20/19,"3,221.20"
12/19/19,"3,205.40"
12/18/19,"3,191.10"
12/17/19,"3,192.50"
12/16/19,"3,191.40"
12/13/19,"3,168.80"
12/12/19,"3,168.60"
12/11/19,"3,141.60"
12/10/19,"3,132.50"
12/9/19,"3,136.00"
12/6/19,"3,145.90"
12/5/19,"3,117.40"
12/4/19,"3,112.80"
12/3/19,"3,093.20"
12/2/19,"3,113.90"
11/29/19,"3,141.00"
11/27/19,"3,153.60"
11/26/19,"3,140.50"
11/25/19,"3,133.60"
11/22/19,"3,110.30"
11/21/19,"3,103.50"
11/20/19,"3,108.50"
11/19/19,"3,120.20"
11/18/19,"3,122.00"
11/15/19,"3,120.50"
11/14/19,"3,096.60"
11/13/19,"3,094.00"
11/12/19,"3,091.80"
11/11/19,"3,087.00"
11/8/19,"3,093.10"
11/7/19,"3,085.20"
11/6/19,"3,076.80"
11/5/19,"3,074.60"
11/4/19,"3,078.30"
11/1/19,"3,066.90"
10/31/19,"3,037.60"
10/30/19,"3,046.80"
10/29/19,"3,036.90"
10/28/19,"3,039.40"
10/25/19,"3,022.60"
10/24/19,"3,010.30"
10/23/19,"3,004.50"
10/22/19,"2,996.00"
10/21/19,"3,006.70"
10/18/19,"2,986.20"
10/17/19,"2,997.90"
10/16/19,"2,989.70"
10/15/19,"2,995.70"
10/14/19,"2,966.20"
10/11/19,"2,970.30"
10/10/19,"2,938.10"
10/9/19,"2,919.40"
10/8/19,"2,893.10"
10/7/19,"2,938.80"
10/4/19,"2,952.00"
10/3/19,"2,910.60"
10/2/19,"2,887.60"
10/1/19,"2,940.20"
9/30/19,"2,976.70"
9/27/19,"2,961.80"
9/26/19,"2,977.60"
9/25/19,"2,984.90"
9/24/19,"2,966.60"
9/23/19,"2,991.80"
9/20/19,"2,992.10"
9/19/19,"3,006.80"
9/18/19,"3,006.70"
9/17/19,"3,005.70"
9/16/19,"2,998.00"
9/13/19,"3,007.40"
9/12/19,"3,009.60"
9/11/19,"3,000.90"
9/10/19,"2,979.40"
9/9/19,"2,978.40"
9/6/19,"2,978.70"
9/5/19,"2,976.00"
9/4/19,"2,937.80"
9/3/19,"2,906.30"
8/30/19,"2,926.50"
8/29/19,"2,924.60"
8/28/19,"2,887.90"
8/27/19,"2,869.20"
8/26/19,"2,878.40"
8/23/19,"2,847.10"
8/22/19,"2,922.90"
8/21/19,"2,924.40"
8/20/19,"2,900.50"
8/19/19,"2,923.70"
8/16/19,"2,888.70"
8/15/19,"2,847.60"
8/14/19,"2,840.60"
8/13/19,"2,926.30"
8/12/19,"2,883.80"
8/9/19,"2,918.70"
8/8/19,"2,938.10"
8/7/19,"2,884.00"
8/6/19,"2,881.80"
8/5/19,"2,844.70"
8/2/19,"2,932.10"
8/1/19,"2,953.60"
7/31/19,"2,980.40"
7/30/19,"3,013.20"
7/29/19,"3,021.00"
7/26/19,"3,025.90"
7/25/19,"3,003.70"
7/24/19,"3,019.60"
7/23/19,"3,005.50"
7/22/19,"2,985.00"
7/19/19,"2,976.60"
7/18/19,"2,995.10"
7/17/19,"2,984.40"
7/16/19,"3,004.00"
7/15/19,"3,014.30"
7/12/19,"3,013.80"
7/11/19,"2,999.90"
7/10/19,"2,993.10"
7/9/19,"2,979.60"
7/8/19,"2,975.90"
7/5/19,"2,990.40"
7/3/19,"2,995.80"
7/2/19,"2,973.00"
7/1/19,"2,964.30"
6/28/19,"2,941.80"
6/27/19,"2,924.90"
6/26/19,"2,913.80"
6/25/19,"2,917.40"
6/24/19,"2,945.30"
6/21/19,"2,950.50"
6/20/19,"2,954.20"
6/19/19,"2,926.50"
6/18/19,"2,917.80"
6/17/19,"2,889.70"
6/14/19,"2,887.00"
6/13/19,"2,891.60"
6/12/19,"2,879.80"
6/11/19,"2,885.70"
6/10/19,"2,886.70"
6/7/19,"2,873.30"
6/6/19,"2,843.50"
6/5/19,"2,826.20"
6/4/19,"2,803.30"
6/3/19,"2,744.40"
5/31/19,"2,752.10"
5/30/19,"2,788.90"
5/29/19,"2,783.00"
5/28/19,"2,802.40"
5/24/19,"2,826.10"
5/23/19,"2,822.20"
5/22/19,"2,856.30"
5/21/19,"2,864.40"
5/20/19,"2,840.20"
5/17/19,"2,859.50"
5/16/19,"2,876.30"
5/15/19,"2,851.00"
5/14/19,"2,834.40"
5/13/19,"2,811.90"
5/10/19,"2,881.40"
5/9/19,"2,870.70"
5/8/19,"2,879.40"
5/7/19,"2,884.10"
5/6/19,"2,932.50"
5/3/19,"2,945.60"
5/2/19,"2,917.50"
5/1/19,"2,923.70"
4/30/19,"2,945.80"
4/29/19,"2,943.00"
4/26/19,"2,939.90"
4/25/19,"2,926.20"
4/24/19,"2,927.20"
4/23/19,"2,933.70"
4/22/19,"2,908.00"
4/18/19,"2,905.00"
4/17/19,"2,900.40"
4/16/19,"2,907.10"
4/15/19,"2,905.60"
4/12/19,"2,907.40"
4/11/19,"2,888.30"
4/10/19,"2,888.20"
4/9/19,"2,878.20"
4/8/19,"2,895.80"
4/5/19,"2,892.70"
4/4/19,"2,879.40"
4/3/19,"2,873.40"
4/2/19,"2,867.20"
4/1/19,"2,867.20"
3/29/19,"2,834.40"
3/28/19,"2,815.40"
3/27/19,"2,805.40"
3/26/19,"2,818.50"
3/25/19,"2,798.40"
3/22/19,"2,800.70"
3/21/19,"2,854.90"
3/20/19,"2,824.20"
3/19/19,"2,832.60"
3/18/19,"2,832.90"
3/15/19,"2,822.50"
3/14/19,"2,808.50"
3/13/19,"2,810.90"
3/12/19,"2,791.50"
3/11/19,"2,783.30"
3/8/19,"2,743.10"
3/7/19,"2,748.90"
3/6/19,"2,771.40"
3/5/19,"2,789.70"
3/4/19,"2,792.80"
3/1/19,"2,803.70"
2/28/19,"2,784.50"
2/27/19,"2,792.40"
2/26/19,"2,793.90"
2/25/19,"2,796.10"
2/22/19,"2,792.70"
2/21/19,"2,774.90"
2/20/19,"2,784.70"
2/19/19,"2,779.80"
2/15/19,"2,775.60"
2/14/19,"2,745.70"
2/13/19,"2,753.00"
2/12/19,"2,744.70"
2/11/19,"2,709.80"
2/8/19,"2,707.90"
2/7/19,"2,706.10"
2/6/19,"2,731.60"
2/5/19,"2,737.70"
2/4/19,"2,724.90"
2/1/19,"2,706.50"
1/31/19,"2,704.10"
1/30/19,"2,681.10"
1/29/19,"2,640.00"
1/28/19,"2,643.80"
1/25/19,"2,664.80"
1/24/19,"2,642.30"
1/23/19,"2,638.70"
1/22/19,"2,632.90"
1/18/19,"2,670.70"
1/17/19,"2,636.00"
1/16/19,"2,616.10"
1/15/19,"2,610.30"
1/14/19,"2,582.60"
1/11/19,"2,596.30"
1/10/19,"2,596.60"
1/9/19,"2,585.00"
1/8/19,"2,574.40"
1/7/19,"2,549.70"
1/4/19,"2,531.90"
1/3/19,"2,447.90"
1/2/19,"2,510.00"
12/31/18,"2,506.80"
12/28/18,"2,485.70"
12/27/18,"2,488.80"
12/26/18,"2,467.70"
12/24/18,"2,351.10"
12/21/18,"2,416.60"
12/20/18,"2,467.40"
12/19/18,"2,507.00"
12/18/18,"2,546.20"
12/17/18,"2,545.90"
12/14/18,"2,599.90"
12/13/18,"2,650.50"
12/12/18,"2,651.10"
12/11/18,"2,636.80"
12/10/18,"2,637.70"
12/7/18,"2,633.10"
12/6/18,"2,695.90"
12/4/18,"2,700.10"
12/3/18,"2,790.40"
11/30/18,"2,760.20"
11/29/18,"2,737.80"
11/28/18,"2,743.80"
11/27/18,"2,682.20"
11/26/18,"2,673.40"
11/23/18,"2,632.60"
11/21/18,"2,649.90"
11/20/18,"2,641.90"
11/19/18,"2,690.70"
11/16/18,"2,736.30"
11/15/18,"2,730.20"
11/14/18,"2,701.60"
11/13/18,"2,722.20"
11/12/18,"2,726.20"
11/9/18,"2,781.00"
11/8/18,"2,806.80"
11/7/18,"2,813.90"
11/6/18,"2,755.40"
11/5/18,"2,738.30"
11/2/18,"2,723.10"
11/1/18,"2,740.40"
10/31/18,"2,711.70"
10/30/18,"2,682.60"
10/29/18,"2,641.20"
10/26/18,"2,658.70"
10/25/18,"2,705.60"
10/24/18,"2,656.10"
10/23/18,"2,740.70"
10/22/18,"2,755.90"
10/19/18,"2,767.80"
10/18/18,"2,768.80"
10/17/18,"2,809.20"
10/16/18,"2,809.90"
10/15/18,"2,750.80"
10/12/18,"2,767.10"
10/11/18,"2,728.40"
10/10/18,"2,785.70"
10/9/18,"2,880.30"
10/8/18,"2,884.40"
10/5/18,"2,885.60"
10/4/18,"2,901.60"
10/3/18,"2,925.50"
10/2/18,"2,923.40"
10/1/18,"2,924.60"
9/28/18,"2,914.00"
9/27/18,"2,914.00"
9/26/18,"2,906.00"
9/25/18,"2,915.60"
9/24/18,"2,919.40"
9/21/18,"2,929.70"
9/20/18,"2,930.80"
9/19/18,"2,907.90"
9/18/18,"2,904.30"
9/17/18,"2,888.80"
9/14/18,"2,905.00"
9/13/18,"2,904.20"
9/12/18,"2,888.90"
9/11/18,"2,887.90"
9/10/18,"2,877.10"
9/7/18,"2,871.70"
9/6/18,"2,878.10"
9/5/18,"2,888.60"
9/4/18,"2,896.70"
8/31/18,"2,901.50"
8/30/18,"2,901.10"
8/29/18,"2,914.00"
8/28/18,"2,897.50"
8/27/18,"2,896.70"
8/24/18,"2,874.70"
8/23/18,"2,857.00"
8/22/18,"2,861.80"
8/21/18,"2,863.00"
8/20/18,"2,857.10"
8/17/18,"2,850.10"
8/16/18,"2,840.70"
8/15/18,"2,818.40"
8/14/18,"2,840.00"
8/13/18,"2,821.90"
8/10/18,"2,833.30"
8/9/18,"2,853.60"
8/8/18,"2,857.70"
8/7/18,"2,858.40"
8/6/18,"2,850.40"
8/3/18,"2,840.30"
8/2/18,"2,827.20"
8/1/18,"2,813.40"
7/31/18,"2,816.30"
7/30/18,"2,802.60"
7/27/18,"2,818.80"
7/26/18,"2,837.40"
7/25/18,"2,846.10"
7/24/18,"2,820.40"
7/23/18,"2,807.00"
7/20/18,"2,801.80"
7/19/18,"2,804.50"
7/18/18,"2,815.60"
7/17/18,"2,809.60"
7/16/18,"2,798.40"
7/13/18,"2,801.30"
7/12/18,"2,798.30"
7/11/18,"2,774.00"
7/10/18,"2,793.80"
7/9/18,"2,784.20"
7/6/18,"2,759.80"
7/5/18,"2,736.60"
7/3/18,"2,713.20"
7/2/18,"2,726.70"
6/29/18,"2,718.40"
6/28/18,"2,716.30"
6/27/18,"2,699.60"
6/26/18,"2,723.10"
6/25/18,"2,717.10"
6/22/18,"2,754.90"
6/21/18,"2,749.80"
6/20/18,"2,767.30"
6/19/18,"2,762.60"
6/18/18,"2,773.80"
6/15/18,"2,779.70"
6/14/18,"2,782.50"
6/13/18,"2,775.60"
6/12/18,"2,786.80"
6/11/18,"2,782.00"
6/8/18,"2,779.00"
6/7/18,"2,770.40"
6/6/18,"2,772.30"
6/5/18,"2,748.80"
6/4/18,"2,746.90"
6/1/18,"2,734.60"
5/31/18,"2,705.30"
5/30/18,"2,724.00"
5/29/18,"2,689.90"
5/25/18,"2,721.30"
5/24/18,"2,727.80"
5/23/18,"2,733.30"
5/22/18,"2,724.40"
5/21/18,"2,733.00"
5/18/18,"2,713.00"
5/17/18,"2,720.10"
5/16/18,"2,722.50"
5/15/18,"2,711.40"
5/14/18,"2,730.10"
5/11/18,"2,727.70"
5/10/18,"2,723.10"
5/9/18,"2,697.80"
5/8/18,"2,671.90"
5/7/18,"2,672.60"
5/4/18,"2,663.40"
5/3/18,"2,629.70"
5/2/18,"2,635.70"
5/1/18,"2,654.80"
4/30/18,"2,648.10"
4/27/18,"2,669.90"
4/26/18,"2,666.90"
4/25/18,"2,639.40"
4/24/18,"2,634.60"
4/23/18,"2,670.30"
4/20/18,"2,670.10"
4/19/18,"2,693.10"
4/18/18,"2,708.60"
4/17/18,"2,706.40"
4/16/18,"2,677.80"
4/13/18,"2,656.30"
4/12/18,"2,664.00"
4/11/18,"2,642.20"
4/10/18,"2,656.90"
4/9/18,"2,613.20"
4/6/18,"2,604.50"
4/5/18,"2,662.80"
4/4/18,"2,644.70"
4/3/18,"2,614.40"
4/2/18,"2,581.90"
3/29/18,"2,640.90"
3/28/18,"2,605.00"
3/27/18,"2,612.60"
3/26/18,"2,658.60"
3/23/18,"2,588.30"
3/22/18,"2,643.70"
3/21/18,"2,711.90"
3/20/18,"2,716.90"
3/19/18,"2,712.90"
3/16/18,"2,752.00"
3/15/18,"2,747.30"
3/14/18,"2,749.50"
3/13/18,"2,765.30"
3/12/18,"2,783.00"
3/9/18,"2,786.60"
3/8/18,"2,739.00"
3/7/18,"2,726.80"
3/6/18,"2,728.10"
3/5/18,"2,720.90"
3/2/18,"2,691.20"
3/1/18,"2,677.70"
2/28/18,"2,713.80"
2/27/18,"2,744.30"
2/26/18,"2,779.60"
2/23/18,"2,747.30"
2/22/18,"2,704.00"
2/21/18,"2,701.30"
2/20/18,"2,716.30"
2/16/18,"2,732.20"
2/15/18,"2,731.20"
2/14/18,"2,698.60"
2/13/18,"2,662.90"
2/12/18,"2,656.00"
2/9/18,"2,619.60"
2/8/18,"2,581.00"
2/7/18,"2,681.70"
2/6/18,"2,695.10"
2/5/18,"2,648.90"
2/2/18,"2,762.10"
2/1/18,"2,822.00"
1/31/18,"2,823.80"
1/30/18,"2,822.40"
1/29/18,"2,853.50"
1/26/18,"2,872.90"
1/25/18,"2,839.20"
1/24/18,"2,837.50"
1/23/18,"2,839.10"
1/22/18,"2,833.00"
1/19/18,"2,810.30"
1/18/18,"2,798.00"
1/17/18,"2,802.60"
1/16/18,"2,776.40"
1/12/18,"2,786.20"
1/11/18,"2,767.60"
1/10/18,"2,748.20"
1/9/18,"2,751.30"
1/8/18,"2,747.70"
1/5/18,"2,743.20"
1/4/18,"2,724.00"
1/3/18,"2,713.10"
1/2/18,"2,695.80"
12/29/17,"2,673.60"
12/28/17,"2,687.50"
12/27/17,"2,682.60"
12/26/17,"2,680.50"
12/22/17,"2,683.30"
12/21/17,"2,684.60"
12/20/17,"2,679.20"
12/19/17,"2,681.50"
12/18/17,"2,690.20"
12/15/17,"2,675.80"
12/14/17,"2,652.00"
12/13/17,"2,662.80"
12/12/17,"2,664.10"
12/11/17,"2,660.00"
12/8/17,"2,651.50"
12/7/17,"2,637.00"
12/6/17,"2,629.30"
12/5/17,"2,629.60"
12/4/17,"2,639.40"
12/1/17,"2,642.20"
11/30/17,"2,647.60"
11/29/17,"2,626.10"
11/28/17,"2,627.00"
11/27/17,"2,601.40"
11/24/17,"2,602.40"
11/22/17,"2,597.10"
11/21/17,"2,599.00"
11/20/17,"2,582.10"
11/17/17,"2,578.80"
11/16/17,"2,585.60"
11/15/17,"2,564.60"
11/14/17,"2,578.90"
11/13/17,"2,584.80"
11/10/17,"2,582.30"
11/9/17,"2,584.60"
11/8/17,"2,594.40"
11/7/17,"2,590.60"
11/6/17,"2,591.10"
11/3/17,"2,587.80"
11/2/17,"2,579.80"
11/1/17,"2,579.40"
10/31/17,"2,575.30"
10/30/17,"2,572.80"
10/27/17,"2,581.10"
10/26/17,"2,560.40"
10/25/17,"2,557.20"
10/24/17,"2,569.10"
10/23/17,"2,565.00"
10/20/17,"2,575.20"
10/19/17,"2,562.10"
10/18/17,"2,561.30"
10/17/17,"2,559.40"
10/16/17,"2,557.60"
10/13/17,"2,553.20"
10/12/17,"2,550.90"
10/11/17,"2,555.20"
10/10/17,"2,550.60"
10/9/17,"2,544.70"
10/6/17,"2,549.30"
10/5/17,"2,552.10"
10/4/17,"2,537.70"
10/3/17,"2,534.60"
10/2/17,"2,529.10"
9/29/17,"2,519.40"
9/28/17,"2,510.10"
9/27/17,"2,507.00"
9/26/17,"2,496.80"
9/25/17,"2,496.70"
9/22/17,"2,502.20"
9/21/17,"2,500.60"
9/20/17,"2,508.20"
9/19/17,"2,506.70"
9/18/17,"2,503.90"
9/15/17,"2,500.20"
9/14/17,"2,495.60"
9/13/17,"2,498.40"
9/12/17,"2,496.50"
9/11/17,"2,488.10"
9/8/17,"2,461.40"
9/7/17,"2,465.10"
9/6/17,"2,465.50"
9/5/17,"2,457.80"
9/1/17,"2,476.60"
8/31/17,"2,471.70"
8/30/17,"2,457.60"
8/29/17,"2,446.30"
8/28/17,"2,444.20"
8/25/17,"2,443.10"
8/24/17,"2,439.00"
8/23/17,"2,444.00"
8/22/17,"2,452.50"
8/21/17,"2,428.40"
8/18/17,"2,425.60"
8/17/17,"2,430.00"
8/16/17,"2,468.10"
8/15/17,"2,464.60"
8/14/17,"2,465.80"
8/11/17,"2,441.30"
8/10/17,"2,438.20"
8/9/17,"2,474.00"
8/8/17,"2,474.90"
8/7/17,"2,480.90"
8/4/17,"2,476.80"
8/3/17,"2,472.20"
8/2/17,"2,477.60"
8/1/17,"2,476.30"
7/31/17,"2,470.30"
7/28/17,"2,472.10"
7/27/17,"2,475.40"
7/26/17,"2,477.80"
7/25/17,"2,477.10"
7/24/17,"2,469.90"
7/21/17,"2,472.50"
7/20/17,"2,473.40"
7/19/17,"2,473.80"
7/18/17,"2,460.60"
7/17/17,"2,459.10"
7/14/17,"2,459.30"
7/13/17,"2,447.80"
7/12/17,"2,443.20"
7/11/17,"2,425.50"
7/10/17,"2,427.40"
7/7/17,"2,425.20"
7/6/17,"2,409.80"
7/5/17,"2,432.50"
7/3/17,"2,429.00"
6/30/17,"2,423.40"
6/29/17,"2,419.70"
6/28/17,"2,440.70"
6/27/17,"2,419.40"
6/26/17,"2,439.10"
6/23/17,"2,438.30"
6/22/17,"2,434.50"
6/21/17,"2,435.60"
6/20/17,"2,437.00"
6/19/17,"2,453.50"
6/16/17,"2,433.20"
6/15/17,"2,432.50"
6/14/17,"2,437.90"
6/13/17,"2,440.30"
6/12/17,"2,429.40"
6/9/17,"2,431.80"
6/8/17,"2,433.80"
6/7/17,"2,433.10"
6/6/17,"2,429.30"
6/5/17,"2,436.10"
6/2/17,"2,439.10"
6/1/17,"2,430.10"
5/31/17,"2,411.80"
5/30/17,"2,412.90"
5/26/17,"2,415.80"
5/25/17,"2,415.10"
5/24/17,"2,404.40"
5/23/17,"2,398.40"
5/22/17,"2,394.00"
5/19/17,"2,381.70"
5/18/17,"2,365.70"
5/17/17,"2,357.00"
5/16/17,"2,400.70"
5/15/17,"2,402.30"
5/12/17,"2,390.90"
5/11/17,"2,394.40"
5/10/17,"2,399.60"
5/9/17,"2,396.90"
5/8/17,"2,399.40"
5/5/17,"2,399.30"
5/4/17,"2,389.50"
5/3/17,"2,388.10"
5/2/17,"2,391.20"
5/1/17,"2,388.30"
4/28/17,"2,384.20"
4/27/17,"2,388.80"
4/26/17,"2,387.40"
4/25/17,"2,388.60"
4/24/17,"2,374.20"
4/21/17,"2,348.70"
4/20/17,"2,355.80"
4/19/17,"2,338.20"
4/18/17,"2,342.20"
4/17/17,"2,349.00"
4/13/17,"2,328.90"
4/12/17,"2,344.90"
4/11/17,"2,353.80"
4/10/17,"2,357.20"
4/7/17,"2,355.50"
4/6/17,"2,357.50"
4/5/17,"2,352.90"
4/4/17,"2,360.20"
4/3/17,"2,358.80"
3/31/17,"2,362.70"
3/30/17,"2,368.10"
3/29/17,"2,361.10"
3/28/17,"2,358.60"
3/27/17,"2,341.60"
3/24/17,"2,344.00"
3/23/17,"2,346.00"
3/22/17,"2,348.40"
3/21/17,"2,344.00"
3/20/17,"2,373.50"
3/17/17,"2,378.20"
3/16/17,"2,381.40"
3/15/17,"2,385.30"
3/14/17,"2,365.40"
3/13/17,"2,373.50"
3/10/17,"2,372.60"
3/9/17,"2,364.90"
3/8/17,"2,363.00"
3/7/17,"2,368.40"
3/6/17,"2,375.30"
3/3/17,"2,383.10"
3/2/17,"2,381.90"
3/1/17,"2,396.00"
2/28/17,"2,363.60"
2/27/17,"2,369.80"
2/24/17,"2,367.30"
2/23/17,"2,363.80"
2/22/17,"2,362.80"
2/21/17,"2,365.40"
2/17/17,"2,351.20"
2/16/17,"2,347.20"
2/15/17,"2,349.20"
2/14/17,"2,337.60"
2/13/17,"2,328.20"
2/10/17,"2,316.10"
2/9/17,"2,307.90"
2/8/17,"2,294.70"
2/7/17,"2,293.10"
2/6/17,"2,292.60"
2/3/17,"2,297.40"
2/2/17,"2,280.80"
2/1/17,"2,279.60"
1/31/17,"2,278.90"
1/30/17,"2,280.90"
1/27/17,"2,294.70"
1/26/17,"2,296.70"
1/25/17,"2,298.40"
1/24/17,"2,280.10"
1/23/17,"2,265.20"
1/20/17,"2,271.30"
1/19/17,"2,263.70"
1/18/17,"2,271.90"
1/17/17,"2,267.90"
1/13/17,"2,274.60"
1/12/17,"2,270.40"
1/11/17,"2,275.30"
1/10/17,"2,268.90"
1/9/17,"2,268.90"
1/6/17,"2,277.00"
1/5/17,"2,269.00"
1/4/17,"2,270.80"
1/3/17,"2,257.80"